index,True_Values,Fold1_Predictions,Fold2_Predictions,Fold3_Predictions,Fold4_Predictions,Fold5_Predictions,Fold6_Predictions,Fold7_Predictions,Fold8_Predictions,Fold9_Predictions,Fold10_Predictions
1,32.4281183,32.29960632,30.57713318,32.2758255,32.2759285,32.35654831,32.36066437,32.2654953,32.32956696,32.22638702,32.2535553
2,28.6543349,28.93237305,28.91996002,29.27225876,28.93335724,28.90162468,28.78562737,28.96004295,28.92204475,28.89607048,28.94963074
3,29.4007568,29.72890282,29.69298363,29.73363495,29.61308098,29.64250946,29.79265594,29.83995247,29.64434052,29.26058769,29.57367897
4,29.6763799,29.53263855,28.81642532,29.63755226,29.55025673,29.56389809,29.47444725,29.59691429,29.70927811,29.46792412,29.60227585
5,29.1667857,29.37162018,29.15974808,29.90128708,29.393013,29.59478188,29.39080048,29.28298378,29.3784523,29.37743759,29.38814735
6,29.0965461,28.93237305,28.91996002,29.27225876,28.93335724,28.90162468,28.78562737,28.96004295,28.92204475,28.89607048,28.94963074
7,29.3710814,29.00427628,29.09734917,29.096838,29.10495758,29.11208725,29.12882996,29.07191467,29.13346863,29.72899818,28.90503883
8,27.9155069,28.1302681,28.49710083,28.20619011,28.27616882,28.19600487,28.08510971,29.04150772,28.21929359,28.37685585,28.26586151
9,28.1545216,28.02069855,28.27456856,27.9462719,27.92746544,28.01804352,28.09459686,27.948349,27.90670204,27.79491806,27.590868
10,29.886403,29.53052521,29.62879753,29.61613274,29.57989502,29.72481918,29.5651474,29.28279877,29.57190514,29.79479218,29.5127697
11,26.4298456,27.08007431,28.96920013,27.22211647,27.15064049,27.17445183,27.15242767,27.41192245,27.08208847,27.15475655,27.19186211
12,30.5998283,30.05000687,30.1615181,30.07651329,29.99252701,30.04114723,30.13516998,30.14714432,30.08976173,29.38792038,30.08856201
13,29.2052328,29.52454185,29.34659576,29.47863579,29.4442997,29.38042259,29.43760109,29.55631256,29.47832489,30.83426857,29.62810707
14,31.8109384,32.01322556,33.24790955,32.21047974,31.99461937,31.87866402,31.87665749,32.16561127,32.01266098,32.22377396,32.1234169
15,28.939343,29.3578167,29.35612297,29.30345345,29.37626839,29.47406006,29.36658859,28.9656868,29.35234261,29.90121078,29.32582855
16,29.4425541,29.60400772,29.64254379,29.65113258,29.60848999,29.62064934,29.62199593,29.62893486,29.63415718,29.57967186,29.71644974
17,33.299264,33.32477188,33.25492477,33.309021,33.26781082,33.03492737,33.14677811,33.23706818,33.18186188,33.32390213,33.29697037
18,30.4832201,30.8157959,30.7830162,31.16192055,30.84502602,30.89740753,30.845047,30.94001007,31.02596283,32.97937775,30.9983139
19,39.9295685,39.84028625,39.96101379,39.88699722,39.80444336,39.79301071,39.39785004,35.84141159,39.7665596,39.90126419,39.8746109
20,28.8079595,28.64850426,28.61813545,28.70182991,28.60321236,28.59718895,28.64139175,28.6303463,28.67177773,28.63483429,28.65179062
21,30.1222513,30.0820179,30.10591507,30.04761314,30.15061951,30.07510567,30.12277985,29.96384621,30.04315376,30.02909851,30.13198471
22,30.1024925,30.0820179,30.10591507,30.04761314,30.15061951,30.07510567,30.12277985,29.96384621,30.04315376,30.02909851,30.13198471
23,29.4543424,29.52779579,29.56163406,29.50233459,29.50238609,29.59619904,29.53658867,29.48359489,29.67099571,29.53495216,29.5327816
24,29.8482173,29.3578167,29.35612297,29.30345345,29.37626839,29.47406006,29.36658859,28.9656868,29.35234261,29.90121078,29.32582855
25,38.2073934,37.94123077,37.55034637,37.84205246,37.83778381,37.78299713,37.87026215,37.73832703,37.73865891,36.95435715,37.71611404
26,28.9817009,28.64850426,28.61813545,28.70182991,28.60321236,28.59718895,28.64139175,28.6303463,28.67177773,28.63483429,28.65179062
27,30.6299345,30.78075218,31.35946655,30.70211792,30.70730972,30.73636246,30.8050251,30.75512314,30.51152802,30.64115143,30.64936829
28,37.3975316,37.12674332,37.33898544,37.34267807,37.31510925,37.11916733,37.43182755,37.16028595,35.20220947,37.21511459,37.26457977
29,29.7812152,29.62669563,29.50792885,29.47620583,29.50488091,29.71741676,29.74242973,29.67517281,29.49530029,29.53458023,29.5736866
30,31.7648702,31.59663963,31.77316666,31.74505615,31.87888336,31.78763199,31.75419998,31.73336411,31.79327583,31.75524902,31.69581032
31,31.7826529,31.59663963,31.77316666,31.74505615,31.87888336,31.78763199,31.75419998,31.73336411,31.79327583,31.75524902,31.69581032
32,32.1175191,32.5963974,33.15511322,32.53868103,32.76803207,32.89917374,32.81218719,32.33335114,32.63920975,37.04515076,32.65164185
33,37.17355,36.92077637,36.93635178,37.03347778,37.20275497,36.93398666,36.71448135,36.70113373,36.97749329,36.95815659,35.11977386
34,29.2748333,28.93002701,29.10253906,29.11585045,29.15801811,29.17325783,29.14075089,29.04789925,29.20842743,29.23344803,29.04825401
35,28.3527538,28.57117271,28.49583435,28.53166962,28.57542229,28.88189316,28.57471275,28.50667,28.5500164,28.53590965,28.56264877
36,28.6420083,28.57117271,28.49583435,28.53166962,28.57542229,28.88189316,28.57471275,28.50667,28.5500164,28.53590965,28.56264877
37,29.5880719,29.52779579,29.56163406,29.50233459,29.50238609,29.59619904,29.53658867,29.48359489,29.67099571,29.53495216,29.5327816
38,28.4531658,28.57117271,28.49583435,28.53166962,28.57542229,28.88189316,28.57471275,28.50667,28.5500164,28.53590965,28.56264877
39,28.8482596,28.73571968,28.81994247,28.82803154,28.82177544,28.75086021,28.85457039,28.76567078,28.75130463,28.89308357,28.6538887
40,28.8726689,28.64850426,28.61813545,28.70182991,28.60321236,28.59718895,28.64139175,28.6303463,28.67177773,28.63483429,28.65179062
41,28.4562899,28.64850426,28.61813545,28.70182991,28.60321236,28.59718895,28.64139175,28.6303463,28.67177773,28.63483429,28.65179062
42,29.8067916,29.60400772,29.64254379,29.65113258,29.60848999,29.62064934,29.62199593,29.62893486,29.63415718,29.57967186,29.71644974
43,29.7316448,29.60400772,29.64254379,29.65113258,29.60848999,29.62064934,29.62199593,29.62893486,29.63415718,29.57967186,29.71644974
44,28.4680699,28.64850426,28.61813545,28.70182991,28.60321236,28.59718895,28.64139175,28.6303463,28.67177773,28.63483429,28.65179062
45,28.2179808,28.64850426,28.61813545,28.70182991,28.60321236,28.59718895,28.64139175,28.6303463,28.67177773,28.63483429,28.65179062
46,39.4668594,38.93099213,34.17054367,38.9710083,39.01885986,38.99291229,38.87619019,39.13108444,38.76177979,39.01508331,38.88838196
47,34.4293967,34.69698715,34.52500153,34.5850029,34.54195023,34.64255524,34.65502548,34.38856888,34.47487259,34.4981842,35.17533112
48,28.3760693,28.81528854,30.91553307,29.00469971,28.58529282,28.96417999,28.85284615,28.92787743,28.79674149,28.86816025,28.87870216
49,37.2669885,36.7181778,36.7487793,36.68953705,36.76433182,36.84501648,33.33919907,36.67596817,36.84102631,36.84263992,36.8544426
50,29.7367081,29.52343941,29.57732964,29.50325012,29.49916077,29.5306778,29.4925518,29.45331192,29.57779503,29.64444923,29.50177956
51,28.4911043,28.62445641,29.49590492,28.57839966,28.6921711,28.65917397,28.52852058,28.51377869,28.58467674,28.58057594,28.76690292
52,31.1622838,31.06410789,31.16032791,31.07733727,31.09587669,31.06423187,31.16692352,31.23488998,31.18536377,31.19103432,31.35547447
53,44.2281517,42.80080414,42.13959122,42.51195908,42.66215897,42.2169075,38.39560699,41.96146393,42.76459885,42.16127777,42.2700386
54,29.5565926,30.23322678,30.06418419,30.21045876,30.12669182,30.07849312,29.91840172,30.1703167,30.12589455,30.25819969,31.10294533
55,28.5807148,28.64850426,28.61813545,28.70182991,28.60321236,28.59718895,28.64139175,28.6303463,28.67177773,28.63483429,28.65179062
56,31.1082009,31.53806496,31.34623337,31.44491577,31.4060936,31.46112251,31.4109745,31.61853409,34.43015671,31.64713478,31.3762207
57,29.3529129,29.52343941,29.57732964,29.50325012,29.49916077,29.5306778,29.4925518,29.45331192,29.57779503,29.64444923,29.50177956
58,33.7758585,33.49066544,33.58086395,33.52574921,33.74132919,33.50417328,33.68033981,33.38410568,33.55732346,33.46130753,32.24767685
59,31.5391879,31.6238327,31.64391518,31.78327179,32.0257225,31.80685043,31.85234833,31.67912674,31.88192368,31.65047264,31.44467163
60,30.2279882,30.1016407,30.03585243,30.20302773,30.11328506,30.28444099,30.23287582,30.16462517,30.37347794,30.12224579,30.34173203
61,36.5115778,36.31368256,36.00448608,36.2183075,36.16757202,36.35904694,36.23936081,36.33920288,32.65070343,36.33574295,36.25232315
62,29.8571698,29.97993088,29.68553352,29.9703064,30.02432442,29.86247253,30.03377151,30.03227043,29.90745544,29.99716187,29.89151955
63,32.1041963,31.09574318,31.99161911,31.73062897,31.7009201,31.68161011,31.67340279,31.5678196,31.77895927,31.66664314,32.16529465
64,36.1170753,35.90680695,36.05865479,35.75219727,35.91287613,35.91572952,35.89913559,35.97797394,34.45105743,35.90658569,35.9065094
65,31.9597647,31.69043159,31.70807076,30.746912,31.58901978,31.48664093,31.5604248,31.689888,31.66656303,31.63695717,31.86520004
66,31.3243037,31.04348373,31.01884079,30.92217827,30.83418655,31.03995705,31.06615448,30.8251133,30.72210693,31.08275795,29.10951805
67,28.5136587,29.03704453,29.11605835,29.1437912,28.88306236,31.28537369,28.80214119,28.91244698,28.7738266,29.11467171,28.9453373
68,27.8733712,29.91245079,28.44987679,28.4249897,28.34730911,28.2896328,28.38205528,28.60725784,28.37599373,28.37672424,28.29598236
69,32.7090235,32.38266373,32.73794937,32.58689117,32.71754837,32.71435928,32.73708344,32.60627747,32.74934769,32.65142441,32.47048569
70,32.8711015,32.38266373,32.73794937,32.58689117,32.71754837,32.71435928,32.73708344,32.60627747,32.74934769,32.65142441,32.47048569
71,29.244493,29.25009346,29.27791595,29.32415009,29.26155853,29.2847538,29.22378159,29.34221077,29.29760361,29.21395111,29.2561512
72,29.3207855,29.25009346,29.27791595,29.32415009,29.26155853,29.2847538,29.22378159,29.34221077,29.29760361,29.21395111,29.2561512
73,29.1596358,29.25009346,29.27791595,29.32415009,29.26155853,29.2847538,29.22378159,29.34221077,29.29760361,29.21395111,29.2561512
74,29.5631546,28.97219849,29.37010956,29.32588577,29.42087555,29.38894463,29.36018944,29.34516525,29.48112488,29.40693283,29.43237305
75,35.9940354,32.83367538,35.61571503,35.53468704,35.51074219,35.62224197,35.84148407,35.76480484,35.70118713,35.88136292,35.69965744
76,31.1811102,31.14803123,31.26321602,31.13003349,31.12714386,30.91486931,31.14741135,30.30908966,31.12359428,31.13672066,31.17034531
77,29.4985594,29.75798798,29.96157265,30.94441795,29.820467,29.6415329,29.61927795,29.80438805,29.93181419,29.78830528,29.68113136
78,30.4009138,30.23824501,30.35487175,30.1130867,30.15281677,30.20514679,30.21011162,30.30345535,30.27812576,29.88094521,30.14206314
79,38.1352603,37.76118851,37.67053604,37.72694397,37.79093552,37.71202469,37.6186676,34.39055252,37.61456299,37.83135605,37.6892662
80,28.0500801,28.0240345,28.11470413,28.31672478,28.19801903,27.97814941,28.14596939,28.08210945,27.99721909,28.07444763,28.24196434
81,27.7707882,28.0625782,29.15715408,28.3233242,28.14367867,28.37726402,28.15259933,28.14951324,28.16195679,28.11889267,28.09952545
82,30.5969294,30.39413261,30.36814308,30.36878586,30.31666565,30.12610817,30.35076714,29.63208199,30.33003426,30.42885399,30.30039787
83,32.0579227,32.53504181,32.32975769,32.42006683,32.54405212,34.54512024,32.61729813,32.33208084,32.41926575,32.50289154,32.52814102
84,34.2044143,33.69199753,34.37594604,34.31804276,34.12673187,34.30096054,34.12151337,34.09770203,34.25885773,34.22335815,34.1734581
85,32.6241186,30.72517967,32.70783234,32.60810471,32.54717255,32.36872101,32.48786545,32.25664139,32.45722198,32.58547211,32.40926361
86,29.7238138,29.87549019,29.89092064,29.81773949,29.78281593,29.93792343,30.71999741,29.83172989,29.9517746,29.86383057,29.85067558
87,32.6210427,32.18517303,32.17471313,32.20027924,32.38822174,32.14869308,32.32275009,32.20790863,32.22776413,30.48356056,32.24603271
88,30.1997728,30.13156128,30.19732857,30.13683891,30.14055634,30.23896408,30.23252106,31.97379303,30.16027832,30.27324867,30.14899063
89,31.3879275,31.42431831,31.43096733,31.36247253,31.34148216,31.48387718,31.41589165,30.51840782,31.45453453,31.36314583,31.47993469
90,29.2233917,29.28808212,29.09063148,29.05404282,29.27459526,29.35168457,29.21127892,29.15127373,29.17873383,29.14470291,29.13173294
91,31.2304693,31.08159637,31.07675743,31.12247849,31.15906334,31.19733238,30.6723671,30.90903282,31.13894463,31.26752663,31.04428482
92,28.7669637,28.85437965,29.00492096,29.07816887,28.95649338,30.16051865,28.99774742,28.91151237,29.13715744,29.12261772,28.99380493
93,30.4342836,30.11028671,30.03400803,30.07816887,30.01379776,30.10233498,30.6194706,29.95888329,29.85063744,30.03484726,30.03561783
94,29.5646291,30.11028671,30.03400803,30.07816887,30.01379776,30.10233498,30.6194706,29.95888329,29.85063744,30.03484726,30.03561783
95,29.5410086,29.35606194,29.50358772,29.16852188,27.82862091,29.22104454,29.07797432,29.11198997,29.24085045,29.27454567,29.46066284
96,32.089926,31.8187561,31.88195229,31.77837563,31.81968307,31.78998375,31.8202858,31.88730431,31.75736618,31.83781242,30.32713509
97,28.7013397,28.7508564,28.78318596,28.71268272,28.82598114,28.82063103,28.77318001,28.77761078,28.77844238,28.72468567,28.74732399
98,33.1078623,32.88846207,33.06742096,33.03439331,33.02929688,32.95766068,31.69634819,33.08735657,32.93338013,32.89420319,33.01454163
99,32.5018106,32.43603516,32.46591949,32.28497314,32.46231461,32.48919678,32.31587982,32.25004196,32.11623383,32.36024857,32.39765549
100,32.1346147,31.98167419,32.13275909,32.07595062,32.0362587,32.04268646,32.09458542,32.03928375,31.99226761,32.02611542,32.03520584
101,36.9376933,37.80934143,37.47158813,37.96482849,39.02120209,37.85087585,37.3794136,37.5939064,37.95687866,38.10596466,37.90954208
102,31.9941325,31.98167419,32.13275909,32.07595062,32.0362587,32.04268646,32.09458542,32.03928375,31.99226761,32.02611542,32.03520584
103,30.1035321,30.34286118,30.22809601,30.5820446,30.36787796,30.32653236,30.39429855,30.31091309,30.27126694,30.32863235,30.34976578
104,30.3947549,30.34286118,30.22809601,30.5820446,30.36787796,30.32653236,30.39429855,30.31091309,30.27126694,30.32863235,30.34976578
105,29.9013791,29.90106773,29.95728493,30.00556183,29.82906914,29.89575386,29.94701004,29.69303894,29.84991074,29.86358833,29.77801132
106,31.3749526,31.4113102,31.47945023,31.43509293,31.47458649,31.53068924,31.38696671,31.63631248,31.59395409,31.41476059,31.59450531
107,31.4876266,31.4113102,31.47945023,31.43509293,31.47458649,31.53068924,31.38696671,31.63631248,31.59395409,31.41476059,31.59450531
108,31.9103915,31.79051399,32.09007645,31.7881794,31.85499954,31.70705986,31.97334671,31.72410774,31.76136971,31.77865028,31.70397568
109,32.0136019,32.15187073,32.16947174,32.15743637,32.28042603,31.96469116,32.21466827,32.11925125,32.16201019,32.22072983,32.16256332
110,33.4276655,33.84584427,33.88915634,33.79962158,35.95104218,33.84420013,33.71546173,33.99263763,33.84701538,33.88726807,33.84009933
111,32.3229371,31.75329971,31.64275551,31.70968628,31.58999443,31.67093277,31.49630547,32.13626099,31.57993317,30.40422821,31.74708939
112,34.9126664,34.92149734,34.85248184,34.89014435,34.94960785,34.97735977,34.78303528,34.77640915,34.30926514,34.71351624,34.96169662
113,29.4583312,31.49573898,29.70298004,29.77996063,29.76441002,29.81208229,29.71061516,29.82073593,29.7382412,29.83921623,29.77264977
114,32.1371421,32.25836945,32.2959137,32.30840683,32.29832077,32.2649765,32.25090027,32.25400543,32.30248642,32.26972198,32.15464401
115,31.3115094,31.25240707,31.22832298,31.16098785,31.21479607,31.22196388,31.12525368,31.20347023,31.44292831,31.1591301,31.1889267
116,30.7866446,30.76128006,30.82276726,30.77453232,30.79250717,30.82191849,30.81528664,30.8432827,30.83168983,30.82431602,30.7976532
117,34.8519171,34.60436249,34.62050247,34.66949081,34.70791626,34.66227722,34.73946381,34.66801834,34.68455505,34.67860413,34.72937012
118,34.5745645,34.60436249,34.62050247,34.66949081,34.70791626,34.66227722,34.73946381,34.66801834,34.68455505,34.67860413,34.72937012
119,34.5739309,34.60436249,34.62050247,34.66949081,34.70791626,34.66227722,34.73946381,34.66801834,34.68455505,34.67860413,34.72937012
120,32.1354293,32.25836945,32.2959137,32.30840683,32.29832077,32.2649765,32.25090027,32.25400543,32.30248642,32.26972198,32.15464401
121,32.6067532,32.25836945,32.2959137,32.30840683,32.29832077,32.2649765,32.25090027,32.25400543,32.30248642,32.26972198,32.15464401
122,32.4619018,32.26979828,32.25159454,32.22642899,32.29273987,32.2308197,32.27656937,32.31856155,32.35200882,32.15100098,32.06429672
123,31.2641305,31.25240707,31.22832298,31.16098785,31.21479607,31.22196388,31.12525368,31.20347023,31.44292831,31.1591301,31.1889267
124,30.9014393,31.25240707,31.22832298,31.16098785,31.21479607,31.22196388,31.12525368,31.20347023,31.44292831,31.1591301,31.1889267
125,30.9372534,30.76128006,30.82276726,30.77453232,30.79250717,30.82191849,30.81528664,30.8432827,30.83168983,30.82431602,30.7976532
126,32.2805807,31.05418205,32.20823288,32.07409286,31.89242363,32.00107956,32.21276855,31.95467567,31.91931343,32.13682938,32.0753212
127,36.0001415,36.29679108,36.22686386,36.23762512,36.176651,36.19741058,36.23187256,36.30762863,35.94285965,36.43754196,36.25420761
128,36.3676996,36.29679108,36.22686386,36.23762512,36.176651,36.19741058,36.23187256,36.30762863,35.94285965,36.43754196,36.25420761
129,31.8500465,32.15187073,32.16947174,32.15743637,32.28042603,31.96469116,32.21466827,32.11925125,32.16201019,32.22072983,32.16256332
130,27.1189288,27.45085907,27.47483063,27.48877525,27.48612022,27.41046143,27.69864655,27.46649361,27.43745613,27.52005577,27.40847588
131,32.4447204,32.43603516,32.46591949,32.28497314,32.46231461,32.48919678,32.31587982,32.25004196,32.11623383,32.36024857,32.39765549
132,27.5882451,27.45085907,27.47483063,27.48877525,27.48612022,27.41046143,27.69864655,27.46649361,27.43745613,27.52005577,27.40847588
133,28.8578704,28.7508564,28.78318596,28.71268272,28.82598114,28.82063103,28.77318001,28.77761078,28.77844238,28.72468567,28.74732399
134,31.1728474,30.5931015,29.60519409,30.53786469,30.49866295,30.70302582,30.58643532,30.55764198,30.65439034,30.45203209,30.48090172
135,33.3619323,33.27300644,33.29814911,33.35414886,33.26445007,33.33747864,33.62752151,33.26253128,33.24716187,33.36338806,33.29555893
136,32.8944487,33.27300644,33.29814911,33.35414886,33.26445007,33.33747864,33.62752151,33.26253128,33.24716187,33.36338806,33.29555893
137,33.9651453,33.7219696,33.68022537,33.64034653,33.70918274,33.79680252,33.7579422,33.67138672,33.59185028,32.2762146,33.55580902
138,33.3370962,33.27300644,33.29814911,33.35414886,33.26445007,33.33747864,33.62752151,33.26253128,33.24716187,33.36338806,33.29555893
139,31.1227933,31.07548523,31.0803566,31.22166252,31.07188797,31.11265564,31.11559868,31.09190369,31.11878777,31.0635643,31.10425377
140,30.9773476,31.07548523,31.0803566,31.22166252,31.07188797,31.11265564,31.11559868,31.09190369,31.11878777,31.0635643,31.10425377
141,28.0471645,28.37211227,28.36056519,28.31784439,28.28073502,28.3497448,28.23415375,28.21448517,28.21758652,28.26272011,29.0459938
142,30.015373,30.17526054,29.99007797,30.13480377,30.25285912,30.56990623,30.24544144,30.18323708,30.05456924,30.09355927,30.23837471
143,28.4025761,29.18864822,29.23544884,29.17347145,29.10857582,29.12924004,29.25907516,29.17530441,29.2244873,29.18912125,32.11299515
144,30.953057,30.97384834,30.80260658,30.99870872,31.04588318,31.03355217,31.07670021,30.80953026,30.96361542,30.99442673,31.15144157
145,32.2385836,31.61716843,31.82969284,31.69551659,31.89257622,31.80033493,31.89697266,32.04301453,30.34283447,31.87754631,32.07615662
146,30.4836773,30.60780907,30.75985336,30.78680038,30.82010841,30.71521378,30.80631256,30.84876823,30.76820564,32.11618805,30.82353401
147,28.9182672,28.89612389,28.89307976,28.91422272,29.01485062,28.93341637,29.93248749,28.88321495,28.84849548,28.8825016,28.96605682
148,28.6390369,28.92752647,28.81254387,28.80830765,28.89323235,28.87540436,30.26814079,28.97353554,28.86572838,29.03385353,28.85419083
149,30.3145244,30.08301735,30.03487015,30.117836,30.18616486,29.99781799,29.39049149,30.14523315,30.10909081,30.10541153,29.95479202
150,32.2959488,32.31987762,32.47375488,32.45705414,32.52389908,32.4526062,32.50183868,32.51345825,32.51385498,32.50666428,32.48475266
151,32.7280723,32.31987762,32.47375488,32.45705414,32.52389908,32.4526062,32.50183868,32.51345825,32.51385498,32.50666428,32.48475266
152,29.9445206,29.92132378,29.89320755,29.85758209,29.85723686,30.09066772,29.93278313,29.88740921,29.90680504,29.98102188,29.87428856
153,32.4324217,32.31987762,32.47375488,32.45705414,32.52389908,32.4526062,32.50183868,32.51345825,32.51385498,32.50666428,32.48475266
154,32.571252,32.31987762,32.47375488,32.45705414,32.52389908,32.4526062,32.50183868,32.51345825,32.51385498,32.50666428,32.48475266
155,29.988725,29.87988663,29.96763229,30.12757301,30.04807854,30.02547073,30.28559494,29.96281242,29.94527245,29.97337341,29.93345451
156,33.4200105,32.52989197,32.64148712,32.43063354,32.55241013,32.52647781,32.66369629,29.56941032,32.47130585,32.45464325,32.62614822
157,29.4464056,29.41664314,29.42226028,30.04975319,29.48814964,29.49284172,29.42582512,29.38666344,29.43250275,29.33118057,29.40907288
158,27.9246563,28.01146317,28.00354195,28.00578308,28.01251411,27.99698639,28.02690506,28.01179123,27.9257412,28.02559853,28.07336235
159,27.8135498,28.01146317,28.00354195,28.00578308,28.01251411,27.99698639,28.02690506,28.01179123,27.9257412,28.02559853,28.07336235
160,28.0743187,28.01146317,28.00354195,28.00578308,28.01251411,27.99698639,28.02690506,28.01179123,27.9257412,28.02559853,28.07336235
161,28.2566365,28.01146317,28.00354195,28.00578308,28.01251411,27.99698639,28.02690506,28.01179123,27.9257412,28.02559853,28.07336235
162,37.4133403,36.60697556,32.6115036,36.59003067,36.73595428,36.5259552,36.35466385,36.76161575,36.68795395,36.65847778,36.73042297
163,30.2421238,30.22879982,30.17494202,30.16208267,30.02914238,30.03987122,30.12230873,30.13238335,30.21574211,30.22007561,30.30644608
164,31.8465061,31.73636436,31.83560181,31.89886665,31.89548111,31.94665146,31.95035362,32.00619125,31.92295647,31.89139748,32.30304337
165,34.7004315,34.82459641,34.77890778,34.75165176,34.8275032,34.7793541,35.02999496,34.93406296,34.96377945,37.03425598,34.77680206
166,34.6883364,34.79506302,34.65608978,34.77188873,34.62327194,34.71852875,34.68931198,34.40195465,34.6711235,34.77607346,34.60249329
167,35.8901847,35.67108536,35.71778488,35.57199097,35.62283707,35.81428146,35.67473984,35.70281219,35.6423912,35.60235214,35.73135376
168,29.4055983,29.5800705,29.5180912,30.23078537,29.53969002,29.53565025,29.61716652,29.44576836,29.5561142,29.52779961,29.59631348
169,32.7469311,33.40051651,34.69456482,33.42372131,33.66564178,33.86523056,33.40337753,33.40387344,33.24104309,33.41160202,33.34046936
170,31.5306214,31.58057785,31.76971054,31.65617943,31.71928024,31.80675125,31.53346634,32.59806442,31.74315071,31.70640755,31.63265228
171,34.5856655,34.77660751,34.82949066,34.74806595,34.8013916,34.70632172,34.1157608,34.73351288,34.71757126,34.69514847,34.8359108
172,34.4165391,34.27830124,34.58807755,34.33455276,34.53395462,34.43395615,33.71554565,34.27637863,34.39219666,34.31310654,34.36936188
173,34.3571758,34.3395195,34.44960403,34.47938538,34.46038818,34.74687958,34.36016846,34.44787979,34.55153656,34.49462891,34.38913345
174,29.2329175,28.69879723,28.94647217,28.85523224,28.98963165,29.52673531,28.945364,28.9483223,28.89893913,28.9582634,28.98561668
175,28.9564303,29.30740929,29.3692627,29.39326668,29.69228745,29.3715744,29.32844543,29.53774643,29.32373428,29.38783646,29.37662125
176,29.5392588,29.30740929,29.3692627,29.39326668,29.69228745,29.3715744,29.32844543,29.53774643,29.32373428,29.38783646,29.37662125
177,29.3496486,29.30740929,29.3692627,29.39326668,29.69228745,29.3715744,29.32844543,29.53774643,29.32373428,29.38783646,29.37662125
178,31.7947323,31.95168495,32.11358261,31.76098061,32.55685043,32.13379669,31.92563057,32.06133652,31.85820389,31.78330803,31.95983315
179,30.5089232,30.28507614,30.28893471,30.29150772,30.1985569,30.19383049,30.24117279,30.19155121,30.19297218,30.14864922,30.19651222
180,28.4976682,28.69879723,28.94647217,28.85523224,28.98963165,29.52673531,28.945364,28.9483223,28.89893913,28.9582634,28.98561668
181,33.4157691,32.58546448,33.56955338,33.35011673,33.40978241,33.37415314,33.32144928,33.41429138,33.40498734,33.43232727,33.40820313
182,33.5276614,33.40348434,33.29846954,33.48316574,33.48967743,33.35895538,33.50834274,33.40705872,33.40503693,33.50395203,31.74225426
183,30.6238986,30.52392578,30.5160675,30.47835922,30.53804588,30.48241615,30.53481102,30.43518257,30.50123787,30.50003624,30.48988152
184,35.6022219,33.29114532,35.31325531,35.36619186,35.41930389,35.4894371,35.33979034,35.5625267,35.48836517,35.4213295,35.57902527
185,35.4617695,35.24360657,35.39503479,35.3181839,35.4414444,35.49935913,35.34527969,33.9524231,35.31453323,35.49148941,35.33845901
186,31.350229,31.02134323,31.42750359,31.17079926,31.36876678,31.21296883,31.2803154,31.28709602,31.25269699,30.87565041,31.20441055
187,28.9914836,29.71607399,31.92318153,29.53754997,29.4666481,29.56863022,29.70023918,29.59879684,29.72672272,29.6442318,29.66344643
188,30.4203128,30.60582161,30.44645309,30.59741211,30.61910629,30.44307709,30.60662651,30.60633469,30.55892754,30.60993195,30.65687752
189,35.2186519,35.57204437,35.38339233,35.67455673,35.69779205,35.54515457,35.26197052,35.40652847,35.40074921,35.44908905,35.54031372
190,34.1571897,34.15732574,34.14716721,34.16331482,34.15261841,34.20521927,34.14968109,34.16247177,34.13199615,34.16646194,34.12579346
191,34.0590008,34.15732574,34.14716721,34.16331482,34.15261841,34.20521927,34.14968109,34.16247177,34.13199615,34.16646194,34.12579346
192,29.2676375,29.72282219,29.73411369,29.91122246,29.70250511,29.7008934,29.71787453,29.71673012,29.53308105,29.49069405,29.68915558
193,31.5865046,31.28095055,31.20703697,31.41140747,29.82712173,31.21937752,31.37975883,31.38500023,31.41394234,31.278759,31.23710442
194,31.0683532,31.09527016,31.1333847,31.16502571,31.09852028,31.22633362,31.14103317,31.11749458,31.09851456,31.14178085,31.12396622
195,29.6532911,29.43510056,29.55955696,29.40773964,29.56163406,29.48960686,29.6243763,29.67444801,29.61744118,29.60579491,29.6649189
196,31.1504365,31.09527016,31.1333847,31.16502571,31.09852028,31.22633362,31.14103317,31.11749458,31.09851456,31.14178085,31.12396622
197,30.0746228,29.72282219,29.73411369,29.91122246,29.70250511,29.7008934,29.71787453,29.71673012,29.53308105,29.49069405,29.68915558
198,32.4505545,32.33459091,32.35848236,32.33258438,32.36391068,32.37200165,32.18933105,32.36703491,32.47860718,32.3385849,32.29573059
199,32.1660816,32.33459091,32.35848236,32.33258438,32.36391068,32.37200165,32.18933105,32.36703491,32.47860718,32.3385849,32.29573059
200,31.3845384,31.53914452,31.58727837,31.75280762,31.57073021,31.63007927,31.41945839,31.48134995,31.44494057,31.59481812,31.53605652
201,32.9194549,32.82297516,32.8052597,32.7917099,32.93735504,32.70565033,32.76072311,32.83109283,32.87055588,32.77996826,31.30642319
202,29.6869673,29.40089226,29.18858528,29.06318665,29.09050941,28.28045845,29.13837433,28.99241638,29.08648491,29.0483551,29.1366787
203,32.09052,32.07435226,32.05173874,32.10726547,31.9834404,32.08386993,32.08977509,32.09083176,32.08972168,31.97649765,31.94352913
204,32.2194925,32.07435226,32.05173874,32.10726547,31.9834404,32.08386993,32.08977509,32.09083176,32.08972168,31.97649765,31.94352913
205,29.8716804,29.72282219,29.73411369,29.91122246,29.70250511,29.7008934,29.71787453,29.71673012,29.53308105,29.49069405,29.68915558
206,29.6409659,29.76447296,29.703022,29.80174828,29.95099449,29.79091263,31.07257271,29.74834824,29.77110291,29.82189941,29.7849865
207,34.2253298,34.31309891,34.59408569,34.45791626,34.96909332,34.48600388,34.19936752,34.45447922,34.46818542,34.46596527,34.66163635
208,27.586916,27.51903152,27.52733612,27.62869263,27.63209152,27.45892525,27.69022751,27.59981918,27.54654694,27.94859123,27.58861542
209,28.0584698,28.3707962,30.28803253,28.55711937,28.58892441,28.48159218,28.34161758,28.49482155,28.41667366,28.29250908,28.2817421
210,31.5133457,32.15108109,31.80035591,31.81735992,31.74785614,31.76585197,31.81354904,31.88579559,31.76684761,31.83558464,31.78350258
211,31.7463526,31.33321953,31.267313,31.26268578,31.22958946,31.21561432,31.22665596,31.15364075,30.7479229,31.65879059,31.22381783
212,32.0069945,31.77099419,31.78182411,31.82274818,31.77581787,31.7966671,30.62964249,31.92063713,31.8400383,31.77427673,31.83920479
213,27.9876321,28.56934547,28.6319313,28.46605492,28.36581993,29.16834068,28.41075134,28.49069595,28.57686234,28.57065582,28.46404076
214,29.2242867,29.4801693,29.77217865,29.71308517,29.65813828,29.70257187,29.77509689,29.62276459,29.79556847,29.68711472,30.05466652
215,31.9123154,32.15108109,31.80035591,31.81735992,31.74785614,31.76585197,31.81354904,31.88579559,31.76684761,31.83558464,31.78350258
216,34.4871016,34.64897537,34.39383698,34.59792709,34.74186325,34.59992981,34.58329391,34.52043533,34.5494194,34.59771347,34.36372757
217,35.2459866,35.43915176,35.38671494,35.43655777,35.75442505,34.95036697,35.43916321,35.36285019,35.39806747,35.44890213,35.46998215
218,31.1593736,30.72694969,30.86281586,30.71123695,30.78855896,29.23970032,30.71647835,30.84763718,30.72759056,30.78653145,30.67949867
219,35.7308473,35.43915176,35.38671494,35.43655777,35.75442505,34.95036697,35.43916321,35.36285019,35.39806747,35.44890213,35.46998215
220,34.6819561,34.49900055,34.51814651,34.48283386,34.41858673,33.3556366,34.44865417,34.45462799,34.52866364,34.59178162,34.31585693
221,29.5512523,29.88084412,29.83764267,29.79376602,29.76161003,29.78296471,29.64507294,29.90951729,30.10440254,29.83964539,29.56258583
222,30.0031223,29.4801693,29.77217865,29.71308517,29.65813828,29.70257187,29.77509689,29.62276459,29.79556847,29.68711472,30.05466652
223,32.9463544,32.82746124,32.72081757,32.65951157,32.37896729,32.72877121,32.61212921,32.76335144,32.7041893,32.60973358,32.59248734
224,32.4816985,32.82746124,32.72081757,32.65951157,32.37896729,32.72877121,32.61212921,32.76335144,32.7041893,32.60973358,32.59248734
225,35.3922427,35.50245285,35.39914703,35.48376465,35.47543335,35.48620224,35.56778717,35.25929642,35.49262619,35.51740646,35.42242813
226,34.0141767,34.15732574,34.14716721,34.16331482,34.15261841,34.20521927,34.14968109,34.16247177,34.13199615,34.16646194,34.12579346
227,29.9232349,30.02119637,29.93086243,29.82474899,29.86879349,29.79978561,29.87872696,29.92691422,29.92810631,29.7404232,29.89936066
228,34.2993094,34.15732574,34.14716721,34.16331482,34.15261841,34.20521927,34.14968109,34.16247177,34.13199615,34.16646194,34.12579346
229,35.0496313,34.96423721,35.02574921,34.12017059,35.10026169,35.05747604,35.06541824,35.01263809,35.16917419,35.00302124,34.94432068
230,32.6913875,32.83852005,32.99600983,32.81702423,32.91978836,32.90937805,32.62301636,32.82918549,32.94325638,32.77256012,32.86970901
231,33.1562429,32.83852005,32.99600983,32.81702423,32.91978836,32.90937805,32.62301636,32.82918549,32.94325638,32.77256012,32.86970901
232,30.8699146,30.97471237,30.93143654,31.03281403,30.93515968,30.93709564,31.3611908,30.76677132,30.99904442,30.97175789,31.00134087
233,29.8324167,29.70188141,29.76990318,29.7875843,29.64678383,29.64900208,29.71502113,29.88682747,29.85454178,29.79615211,29.82837296
234,31.8650685,31.814291,31.77150345,31.54082489,31.70631218,31.72967529,31.64187622,31.39076042,31.70782471,31.64058495,31.67366409
235,30.234693,30.05306625,30.09056282,30.07121277,30.04306793,29.9521122,30.44405174,30.06296158,30.09954834,30.17196655,30.06284904
236,29.5658726,30.05306625,30.09056282,30.07121277,30.04306793,29.9521122,30.44405174,30.06296158,30.09954834,30.17196655,30.06284904
237,34.4169524,34.19193268,34.47967148,34.13749313,34.31102371,34.20487976,34.15832138,34.26182175,34.25067902,34.29153061,34.20780945
238,31.8417088,31.55673027,31.6890049,30.81790161,31.56178093,31.61822128,31.70747185,31.60541344,31.50578308,31.61291122,31.54838943
239,30.4416167,30.3705616,30.36262321,30.31612587,30.36182785,30.32197571,30.32039833,30.44812393,30.39295197,30.30823135,30.36041832
240,30.2975106,30.3705616,30.36262321,30.31612587,30.36182785,30.32197571,30.32039833,30.44812393,30.39295197,30.30823135,30.36041832
241,29.6152713,30.18400955,30.1511364,30.14756393,30.09321594,30.16140938,30.2662735,31.69079208,30.18405342,29.94087029,30.222929
242,34.0917591,34.19193268,34.47967148,34.13749313,34.31102371,34.20487976,34.15832138,34.26182175,34.25067902,34.29153061,34.20780945
243,39.0890499,39.20907593,39.08465576,39.26343536,37.64219284,39.10473633,38.91176605,39.33771515,39.05062485,39.38779449,39.41740417
244,32.3849093,32.25836945,32.2959137,32.30840683,32.29832077,32.2649765,32.25090027,32.25400543,32.30248642,32.26972198,32.15464401
245,32.0103249,32.26979828,32.25159454,32.22642899,32.29273987,32.2308197,32.27656937,32.31856155,32.35200882,32.15100098,32.06429672
246,30.8097272,30.76128006,30.82276726,30.77453232,30.79250717,30.82191849,30.81528664,30.8432827,30.83168983,30.82431602,30.7976532
247,30.6194204,31.33321953,31.267313,31.26268578,31.22958946,31.21561432,31.22665596,31.15364075,30.7479229,31.65879059,31.22381783
248,32.58564,32.55535507,32.67763138,33.50148773,32.58890533,32.57354355,32.67602158,32.6941452,32.72757339,32.72404099,32.78142548
249,34.6992884,34.84876633,34.78226852,35.01735306,34.93441391,34.93085861,34.79179001,34.95035172,34.74251556,35.42646027,34.72785568
250,32.6559794,32.15187073,32.16947174,32.15743637,32.28042603,31.96469116,32.21466827,32.11925125,32.16201019,32.22072983,32.16256332
