,index,ln_abs_c_interface_mean,MaxEStateIndex,MinEStateIndex,MaxAbsEStateIndex,BCUT2D_MWHI,BCUT2D_MRLOW,Chi1v,PEOE_VSA1,PEOE_VSA6,PEOE_VSA7,PEOE_VSA9,SMR_VSA1,SlogP_VSA1,TPSA,EState_VSA1,EState_VSA10,EState_VSA5,EState_VSA8,VSA_EState3,VSA_EState6,NHOHCount,NOCount,NumHeteroatoms,MolLogP,MolMR,fr_Al_OH,fr_Al_OH_noTert,fr_NH2
0,1,4.142167212,3.371944444,1.125697279,3.371944444,14.86704022,1.336227142,5.148717474,5.316788604,24.26546827,49.23984566,0.0,0.0,5.316788604,12.03,0.0,0.0,11.12690298,49.49609835,3.371944444,16.62597889,1,1,1,4.04704,65.6407,0,0,0
1,2,4.405382485,2.291454082,1.208545918,2.291454082,13.8841673,0.961809328,4.949489743,0.0,36.45612064,38.52492974,0.0,0.0,0.0,0.0,0.0,0.0,38.52492974,36.45612064,0.0,0.0,0,0,0,4.0092,55.122,0,0,0
2,3,4.250388501,2.269675926,1.370324074,2.269675926,32.13462644,2.037512318,5.537675908,0.0,0.0,45.79804224,0.0,0.0,0.0,0.0,0.0,0.0,20.17228826,35.02559381,7.034722222,8.898796296,0,0,2,4.116,57.208,0,0,0
3,4,4.252400788,2.243055556,1.331574074,2.243055556,32.13355972,1.500072206,5.212778743,0.0,30.33183534,31.04074445,0.0,0.0,0.0,0.0,0.0,0.0,20.88119737,50.24567681,0.0,12.8020805,0,0,1,4.03194,59.229,0,0,0
4,5,4.151760273,2.259259259,1.327222222,2.259259259,32.1334448,1.812508099,5.173538492,0.0,24.26546827,39.73783662,0.0,0.0,0.0,0.0,0.0,0.0,20.85859256,47.84463225,6.15125,15.17279951,0,0,1,4.0545,59.331,0,0,0
5,6,4.529605588,2.291454082,1.208545918,2.291454082,13.8841673,0.961809328,4.949489743,0.0,36.45612064,38.52492974,0.0,0.0,0.0,0.0,0.0,0.0,38.52492974,36.45612064,0.0,0.0,0,0,0,4.0092,55.122,0,0,0
6,7,4.321720459,2.333657407,0.712916667,2.333657407,14.26696234,0.735720245,4.96536071,0.0,31.41450508,44.25614833,0.0,0.0,0.0,0.0,0.0,0.0,18.41474778,34.618686,0.0,0.0,0,0,0,4.0891,55.146,0,0,0
7,8,4.407195598,2.390830499,0.832083333,2.390830499,14.24586496,0.343820913,5.820385771,0.0,49.59430021,37.16464403,0.0,0.0,0.0,0.0,0.0,0.0,31.24673798,38.11294267,0.0,9.053677957,0,0,0,4.28872,61.552,0,0,0
8,9,4.801134364,12.86991213,-2.374681122,12.86991213,19.28516958,-0.060551767,5.250903141,0.0,27.19203322,24.17453976,0.0,8.780830095,0.0,0.0,5.922529168,8.780830095,0.0,20.7712116,0.0,0.0,0,0,2,4.2481,50.977,0,0,0
9,10,4.278817458,2.277777778,0.856317922,2.277777778,14.27054561,1.13113889,5.587222523,0.0,54.59730362,35.44990377,0.0,0.0,0.0,0.0,0.0,0.0,29.53199772,54.59730362,0.0,19.58390017,0,0,0,4.231,63.853,0,0,0
10,11,4.486751655,1.62037037,1.155648148,1.62037037,14.43436487,0.051981452,6.93265299,0.0,51.36657298,36.51326743,0.0,0.0,0.0,0.0,0.0,0.0,0.0,0.0,0.0,0.0,0,0,0,4.393,60.13,0,0,0
11,12,4.282630504,2.195324074,1.370324074,2.195324074,32.13596311,1.975907495,5.543658972,0.0,12.13273414,33.66530811,9.399839833,0.0,0.0,0.0,0.0,0.0,20.17228826,35.02559381,7.053796296,8.750092593,0,0,2,4.116,57.208,0,0,0
12,13,4.234671669,3.348131929,0.771857521,3.348131929,14.21267225,0.517218217,5.838987503,0.0,30.33183534,55.73750587,0.0,0.0,0.0,0.0,0.0,0.0,36.81984251,42.98679113,0.0,10.90359001,0,0,0,4.4456,64.921,0,0,0
13,14,5.42539223,10.26828704,-0.975138889,10.26828704,16.18734233,-0.136666032,2.366973397,11.05045608,6.076020107,0.0,0.0,9.589074368,11.05045608,72.19,11.81435946,9.589074368,6.076020107,17.62939176,2.200231481,0.0,3,4,4,-1.2261,32.4011,0,0,1
14,15,5.088760411,10.31517621,-1.548472222,10.31517621,16.37509695,-0.119477815,3.856783454,30.53743537,0.0,7.047671983,12.64872279,25.22064676,5.316788604,110.02,30.96062196,9.901064579,7.047671983,5.316788604,38.24913029,-0.961851852,5,6,6,-3.1517,44.0179,4,4,0
15,16,4.863707912,9.536296296,-1.222222222,9.536296296,16.33226979,-0.118917718,1.996116976,15.00759197,0.0,6.9237372,6.103966388,15.00759197,0.0,57.53,12.20793278,4.794537184,6.9237372,0.0,16.65675926,0.0,2,3,3,-1.073,23.7516,2,2,0
16,17,4.993501224,8.313013039,-0.36375,8.313013039,16.25109104,0.27810661,2.728937113,5.106527395,0.0,7.047671983,6.606881965,5.106527395,10.63357721,80.5,0.0,0.0,0.0,15.74782733,16.93731859,0.0,4,5,5,-0.89773,33.0839,1,1,0
17,18,5.687420547,10.71180556,-1.36400463,10.71180556,16.19151807,-0.127597686,2.682625685,10.11132579,0.0,6.9237372,0.0,14.38361155,10.63357721,75.27,17.47721949,14.38361155,6.9237372,5.316788604,4.100092593,-0.62537037,2,5,5,-1.2166,31.1434,0,0,0
18,19,5.31538428,6.379907407,-0.444444444,6.379907407,15.39856961,0.458620573,1.847831091,0.0,0.0,7.047671983,0.0,0.0,16.58525027,86.29,6.289710395,0.0,0.0,15.85683013,5.638888889,0.0,5,5,5,-1.01633,25.3185,0,0,1
19,20,4.87081034,9.72962963,-1.481481481,9.72962963,16.36231088,-0.124642341,2.587649199,20.11411937,0.0,6.9237372,6.103966388,20.11411937,0.0,77.76,18.31189916,4.794537184,6.9237372,0.0,25.73601852,0.0,3,4,4,-1.7121,29.7584,3,3,0
20,21,5.132223449,9.420462963,-1.541828704,9.420462963,16.6274436,-0.208922128,4.048030722,30.26949993,0.0,0.0,6.606881965,30.26949993,0.0,113.68,36.12088275,25.53263697,0.0,0.0,46.53023148,0.0,5,6,6,-3.4265,38.717,5,5,0
21,22,5.139834813,9.420462963,-1.541828704,9.420462963,16.6274436,-0.208922128,4.048030722,30.26949993,0.0,0.0,6.606881965,30.26949993,0.0,113.68,36.12088275,25.53263697,0.0,0.0,46.53023148,0.0,5,6,6,-3.4265,38.717,5,5,0
22,23,5.15136447,10.05587113,-1.085787037,10.05587113,16.68410537,-0.169217857,2.977902316,19.37479049,0.0,0.0,6.606881965,24.16932767,0.0,72.83,19.00087508,9.589074368,7.109797541,9.473725908,8.438215231,0.0,1,5,5,-1.2658,34.8838,1,1,0
23,24,5.101478231,10.31517621,-1.548472222,10.31517621,16.37509695,-0.119477815,3.856783454,30.53743537,0.0,7.047671983,12.64872279,25.22064676,5.316788604,110.02,30.96062196,9.901064579,7.047671983,5.316788604,38.24913029,-0.961851852,5,6,6,-3.1517,44.0179,4,4,0
24,25,5.555032651,10.06055556,-0.783518519,10.06055556,16.46678939,-0.124139266,2.081213825,5.733667477,0.0,0.0,0.0,14.79632739,11.21376408,92.42,11.81435946,9.589074368,5.480096598,5.733667477,7.844760015,0.0,4,5,5,-1.4667,28.2636,0,0,1
25,26,4.891804954,9.72962963,-1.481481481,9.72962963,16.36231088,-0.124642341,2.587649199,20.11411937,0.0,6.9237372,6.103966388,20.11411937,0.0,77.76,18.31189916,4.794537184,6.9237372,0.0,25.73601852,0.0,3,4,4,-1.7121,29.7584,3,3,0
26,27,5.022903868,9.995597128,-1.733611111,9.995597128,16.36413379,-0.129374734,3.24600119,30.64232403,0.0,0.0,6.041840829,24.90865655,5.733667477,120.85,24.35373999,9.589074368,0.0,0.0,26.57190665,-1.310555556,5,6,6,-3.2058,38.1238,3,3,1
27,28,5.695511275,10.25703704,-1.350694444,10.25703704,16.3676396,-0.42653247,2.947306302,21.36839953,6.578935684,5.57310453,6.420821623,20.42926924,16.57386235,110.86,17.91832585,14.69560176,0.0,12.31260316,10.13566893,-1.06712963,5,5,5,-3.2216,34.6345,0,0,1
28,29,5.153737158,10.68935185,-1.127314815,10.68935185,16.52569011,-0.149808157,2.873520945,14.43130987,0.0,0.0,7.109797541,19.12047451,0.0,63.68,12.01114612,14.38361155,7.047671983,4.736862954,0.0,-1.127314815,0,5,5,-1.1849,35.695,0,0,0
29,30,4.811271857,10.33787415,-1.016018519,10.33787415,16.50501829,-0.132291799,2.980162819,14.84818874,0.0,0.0,0.0,19.12047451,5.316788604,72.47,6.227901171,14.38361155,6.9237372,10.05365156,2.17625,0.0,1,5,5,-1.137,35.6847,0,0,0
30,31,4.816559178,10.33787415,-1.016018519,10.33787415,16.50501829,-0.132291799,2.980162819,14.84818874,0.0,0.0,0.0,19.12047451,5.316788604,72.47,6.227901171,14.38361155,6.9237372,10.05365156,2.17625,0.0,1,5,5,-1.137,35.6847,0,0,0
31,32,5.505577527,10.18439815,-1.207175926,10.18439815,16.6851447,-0.157869156,2.309295861,10.57125606,0.0,0.0,0.0,19.22120014,11.21376408,98.49,17.78366475,14.38361155,5.480096598,10.57125606,0.0,0.0,3,6,6,-1.934,29.1031,0,0,1
32,33,5.368779097,10.78347222,-1.178240741,10.78347222,16.18798823,-0.138610155,2.870626365,11.05045608,6.578935684,0.0,0.0,14.38361155,11.05045608,89.26,23.51551045,14.38361155,0.0,11.89572429,2.114166667,0.0,3,5,5,-1.6995,34.9741,0,0,1
33,34,4.994055093,12.24712963,-2.153148148,12.24712963,19.1443303,-0.123487117,3.139200422,20.11411937,0.0,6.9237372,6.103966388,24.50453442,0.0,77.76,24.48357456,9.184952232,6.9237372,0.0,26.18107332,0.0,3,4,5,-1.374,34.6544,3,3,0
34,35,5.231773404,10.1353151,-1.526666667,10.1353151,16.50662606,-0.142682937,3.71205887,29.95750972,0.0,0.0,6.606881965,29.95750972,0.0,107.22,31.02274752,9.901064579,7.109797541,4.736862954,35.64570437,0.0,4,6,6,-2.7247,41.9672,4,4,0
35,36,5.2514992,10.1353151,-1.526666667,10.1353151,16.50662606,-0.142682937,3.71205887,29.95750972,0.0,0.0,6.606881965,29.95750972,0.0,107.22,31.02274752,9.901064579,7.109797541,4.736862954,35.64570437,0.0,4,6,6,-2.7247,41.9672,4,4,0
36,37,5.218283634,10.05587113,-1.085787037,10.05587113,16.68410537,-0.169217857,2.977902316,19.37479049,0.0,0.0,6.606881965,24.16932767,0.0,72.83,19.00087508,9.589074368,7.109797541,9.473725908,8.438215231,0.0,1,5,5,-1.2658,34.8838,1,1,0
37,38,5.239748774,10.1353151,-1.526666667,10.1353151,16.50662606,-0.142682937,3.71205887,29.95750972,0.0,0.0,6.606881965,29.95750972,0.0,107.22,31.02274752,9.901064579,7.109797541,4.736862954,35.64570437,0.0,4,6,6,-2.7247,41.9672,4,4,0
38,39,5.080626226,9.789578609,-1.231296296,9.789578609,16.3590752,-0.112913765,3.070812446,20.11411937,0.0,6.9237372,12.20793278,20.11411937,0.0,77.76,18.31189916,4.794537184,6.9237372,0.0,26.40602702,0.0,3,4,4,-1.322,34.3754,3,3,0
39,40,4.944452747,9.72962963,-1.481481481,9.72962963,16.36231088,-0.124642341,2.587649199,20.11411937,0.0,6.9237372,6.103966388,20.11411937,0.0,77.76,18.31189916,4.794537184,6.9237372,0.0,25.73601852,0.0,3,4,4,-1.7121,29.7584,3,3,0
40,41,4.970603197,9.72962963,-1.481481481,9.72962963,16.36231088,-0.124642341,2.587649199,20.11411937,0.0,6.9237372,6.103966388,20.11411937,0.0,77.76,18.31189916,4.794537184,6.9237372,0.0,25.73601852,0.0,3,4,4,-1.7121,29.7584,3,3,0
41,42,4.885877583,9.536296296,-1.222222222,9.536296296,16.33226979,-0.118917718,1.996116976,15.00759197,0.0,6.9237372,6.103966388,15.00759197,0.0,57.53,12.20793278,4.794537184,6.9237372,0.0,16.65675926,0.0,2,3,3,-1.073,23.7516,2,2,0
42,43,4.86245562,9.536296296,-1.222222222,9.536296296,16.33226979,-0.118917718,1.996116976,15.00759197,0.0,6.9237372,6.103966388,15.00759197,0.0,57.53,12.20793278,4.794537184,6.9237372,0.0,16.65675926,0.0,2,3,3,-1.073,23.7516,2,2,0
43,44,4.947305021,9.72962963,-1.481481481,9.72962963,16.36231088,-0.124642341,2.587649199,20.11411937,0.0,6.9237372,6.103966388,20.11411937,0.0,77.76,18.31189916,4.794537184,6.9237372,0.0,25.73601852,0.0,3,4,4,-1.7121,29.7584,3,3,0
44,45,4.882186581,9.72962963,-1.481481481,9.72962963,16.36231088,-0.124642341,2.587649199,20.11411937,0.0,6.9237372,6.103966388,20.11411937,0.0,77.76,18.31189916,4.794537184,6.9237372,0.0,25.73601852,0.0,3,4,4,-1.7121,29.7584,3,3,0
45,46,5.1512914,10.36779856,-2.105509259,10.36779856,16.67133865,-0.173217264,2.714982484,19.88823196,0.0,0.0,0.0,29.47730633,11.79395094,145.1,24.14654335,9.589074368,0.0,21.46912811,17.45361111,0.0,6,8,8,-3.458,32.5724,2,2,2
46,47,5.501267494,11.2262037,-0.707173091,11.2262037,16.15977282,0.095214623,3.859772676,10.30076712,6.076020107,0.0,0.0,4.794537184,16.5657989,94.82,17.15619002,14.38361155,6.076020107,16.87970281,2.423148148,1.013712207,3,6,6,-1.021,50.2136,0,0,0
47,48,4.938508103,8.59837963,-1.090277778,8.59837963,16.35208362,0.00963755,2.315788793,15.31958218,6.076020107,0.0,12.71084835,15.31958218,0.0,60.69,18.81481474,0.0,6.076020107,6.578935684,25.33208333,0.0,3,3,3,-1.1135,29.2964,3,3,0
48,49,5.858864023,10.16082483,-0.206851852,10.16082483,16.43511463,-0.118197147,2.373512859,16.25770911,5.155712727,0.0,6.544756406,10.00179021,11.05045608,87.71,0.0,4.794537184,6.9237372,10.47250133,12.94094671,0.0,4,5,5,-1.1311,32.0926,0,0,1
49,50,5.106300202,9.196697531,-1.320925926,9.196697531,32.11702846,-0.204725439,4.078407249,25.16297253,0.0,0.0,6.606881965,25.16297253,0.0,90.15,36.45874589,10.21305479,0.0,12.62878915,36.18330247,0.0,4,5,6,-2.2839,42.7532,4,4,0
50,51,5.263325858,10.12017668,-1.372685185,10.12017668,16.49592349,-0.13145528,3.120526647,24.85098232,0.0,0.0,6.606881965,24.85098232,0.0,86.99,24.91878113,4.794537184,7.109797541,4.736862954,26.19502079,0.0,3,5,5,-2.0856,35.9604,3,3,0
51,52,4.938782108,10.28726379,-2.023518519,10.28726379,16.38420112,-0.147019537,3.383305567,30.95431424,0.0,0.0,0.0,30.01518395,5.733667477,141.08,30.32304528,9.589074368,0.0,5.733667477,35.32935185,0.0,6,7,7,-3.8858,39.2856,4,4,1
52,53,5.33471716,6.299907407,-0.666666667,6.299907407,15.47350292,0.435060452,1.636506226,0.0,0.0,0.0,0.0,0.0,22.53692333,112.31,6.289710395,0.0,0.0,15.96583292,2.902777778,0.0,7,6,6,-1.77243,23.5819,0,0,2
53,54,5.126943536,10.02142621,-1.615555556,10.02142621,16.37496902,-0.117790665,3.401441653,30.95431424,0.0,0.0,12.64872279,25.22064676,5.733667477,124.01,30.96062196,4.794537184,0.0,0.0,35.16729545,-1.262777778,6,6,6,-3.4124,39.1456,4,4,1
54,55,4.873956222,9.72962963,-1.481481481,9.72962963,16.36231088,-0.124642341,2.587649199,20.11411937,0.0,6.9237372,6.103966388,20.11411937,0.0,77.76,18.31189916,4.794537184,6.9237372,0.0,25.73601852,0.0,3,4,4,-1.7121,29.7584,3,3,0
55,56,5.24313978,10.53166667,-0.449074074,10.53166667,16.16350125,0.227012421,2.346721999,16.36724469,0.0,0.0,0.0,4.794537184,11.46733495,84.71,6.031114512,4.794537184,4.899909731,4.992404733,0.0,-0.449074074,4,5,5,-1.0586,34.8928,0,0,2
56,57,5.140218967,9.196697531,-1.320925926,9.196697531,32.11702846,-0.204725439,4.078407249,25.16297253,0.0,0.0,6.606881965,25.16297253,0.0,90.15,36.45874589,10.21305479,0.0,12.62878915,36.18330247,0.0,4,5,6,-2.2839,42.7532,4,4,0
57,58,4.180879779,6.459907407,-0.222222222,6.459907407,15.27042234,0.48503496,2.059155957,0.0,0.0,14.09534397,0.0,0.0,10.63357721,60.27,0.0,0.0,0.0,15.74782733,8.625,0.0,3,4,4,-0.26023,27.0551,0,0,0
58,59,4.387450081,6.611157407,-0.171296296,6.611157407,15.35240576,0.255318571,2.423106903,0.0,0.0,21.14301595,0.0,0.0,5.316788604,51.48,0.0,0.0,0.0,10.43103873,6.09375,0.0,2,4,4,0.08197,31.6824,0,0,0
59,60,4.64785502,10.80314815,-0.710416667,10.80314815,16.26667358,-0.138863168,3.816259302,15.7401046,0.0,13.8474744,6.103966388,14.69560176,10.63357721,78.43,17.91832585,9.589074368,6.9237372,10.63357721,13.3686115,0.0,3,5,5,-1.3805,43.3742,1,1,0
60,61,4.905740835,11.07462963,-1.369312169,11.07462963,16.36826181,-0.419031181,3.882878891,26.05804805,0.0,13.8474744,12.01114612,25.53579663,16.15698348,117.1,30.06413306,14.69560176,13.8474744,11.05045608,21.31183768,-1.946944444,5,6,6,-3.7677,40.9686,1,1,0
61,62,4.297643978,10.64425926,-0.728333333,10.64425926,16.26666889,-0.138617009,3.25559913,15.7401046,0.0,6.9237372,6.103966388,14.69560176,10.63357721,78.43,17.91832585,9.589074368,13.97140918,10.63357721,13.09697184,0.0,3,5,5,-1.7706,38.7572,1,1,0
62,63,4.137229172,10.40916667,-0.26912037,10.40916667,16.16044805,-0.128222638,2.615355072,10.63357721,0.0,0.0,0.0,9.589074368,10.63357721,58.2,0.0,9.589074368,14.09534397,10.63357721,4.660833333,0.0,2,4,4,-1.1315,32.7504,0,0,0
63,64,4.328561331,10.48769322,-0.332034203,10.48769322,16.16669713,0.236387256,3.115355072,21.26715442,0.0,0.0,6.668691189,9.589074368,21.26715442,82.26,0.0,9.589074368,14.09534397,21.26715442,9.421025605,-0.664068405,4,6,6,-1.1981,40.0498,0,0,0
64,65,5.172105298,10.67250378,-1.726898148,10.67250378,16.34602415,-0.144954595,3.335329672,20.846632,0.0,0.0,0.0,19.80212916,10.63357721,98.66,24.02229223,9.589074368,14.09534397,10.63357721,22.12105631,0.0,4,6,6,-2.7998,40.147,2,2,0
65,66,4.841273338,10.52935185,-0.587962963,10.52935185,16.52590634,-0.143474667,2.618322907,15.16017895,0.0,7.047671983,13.71667951,14.63792753,5.316788604,58.56,12.01114612,4.794537184,7.109797541,10.05365156,11.04208333,-0.587962963,2,4,4,-1.2603,31.9495,1,1,0
66,67,4.991501606,10.75782407,-1.377314815,10.75782407,16.54508609,-0.155590333,3.023395961,14.79051451,0.0,0.0,14.21959508,23.85733746,5.316788604,81.7,17.98045141,14.38361155,0.0,9.473725908,1.954351852,-1.377314815,1,6,6,-1.553,37.0197,0,0,0
67,68,4.712310149,10.60361111,-1.241319444,10.60361111,16.54116831,-0.166958111,2.704316941,15.16017895,0.0,0.0,7.109797541,14.63792753,5.316788604,58.56,11.5703561,4.794537184,7.109797541,10.05365156,11.90759259,0.0,2,4,4,-1.5063,29.8355,1,0,0
68,69,5.196487848,10.65861489,-1.678287037,10.65861489,16.54340174,-0.158223344,3.135208987,20.31392078,0.0,0.0,14.21959508,24.16932767,5.733667477,98.85,24.08441779,9.589074368,0.0,9.473725908,8.987361111,-1.400509259,3,6,6,-1.9794,38.0142,1,1,1
69,70,5.179569548,10.65861489,-1.678287037,10.65861489,16.54340174,-0.158223344,3.135208987,20.31392078,0.0,0.0,14.21959508,24.16932767,5.733667477,98.85,24.08441779,9.589074368,0.0,9.473725908,8.987361111,-1.400509259,3,6,6,-1.9794,38.0142,1,1,1
70,71,4.909645076,9.528148148,-1.052962963,9.528148148,16.69517076,-0.279832505,4.26691251,24.79330809,6.9237372,0.0,18.81481474,24.79330809,0.0,79.15,24.60192589,10.21305479,7.109797541,0.0,27.87316043,0.0,3,5,5,-1.2921,43.9334,3,3,0
71,72,4.938041866,9.528148148,-1.052962963,9.528148148,16.69517076,-0.279832505,4.26691251,24.79330809,6.9237372,0.0,18.81481474,24.79330809,0.0,79.15,24.60192589,10.21305479,7.109797541,0.0,27.87316043,0.0,3,5,5,-1.2921,43.9334,3,3,0
72,73,4.940085514,9.528148148,-1.052962963,9.528148148,16.69517076,-0.279832505,4.26691251,24.79330809,6.9237372,0.0,18.81481474,24.79330809,0.0,79.15,24.60192589,10.21305479,7.109797541,0.0,27.87316043,0.0,3,5,5,-1.2921,43.9334,3,3,0
73,74,4.700114815,10.95784061,-1.159583333,10.95784061,16.68733717,-0.246717445,4.085773296,19.6867807,0.0,6.9237372,18.6287544,24.48131788,0.0,75.99,24.41586555,15.00759197,14.03353474,0.0,18.88310185,0.0,2,5,5,-1.0839,42.9336,2,2,0
74,75,5.359638107,10.81439815,-3.52337963,10.81439815,32.22775459,0.59652619,4.822715867,0.0,0.0,0.0,0.0,8.417796984,11.24901029,99.86,21.08626343,18.00687135,0.0,0.0,-0.378472222,0.816203704,2,6,7,-1.5333,40.7932,0,0,0
75,76,5.051415087,10.89289352,-1.136643519,10.89289352,16.28828158,-0.131074081,3.667910752,20.63637079,0.0,13.8474744,18.75268918,20.11411937,5.316788604,89.79,17.55007137,4.794537184,13.8474744,5.316788604,28.62238568,0.0,4,5,5,-1.7733,42.4001,3,3,0
76,77,4.189966046,10.5750463,-1.001157407,10.5750463,16.28498697,-0.128368627,3.175699279,15.52984339,0.0,13.8474744,6.103966388,15.00759197,5.316788604,69.56,18.1151125,4.794537184,6.9237372,5.316788604,19.66937642,0.0,3,4,4,-1.1358,36.3713,2,2,0
77,78,5.087211956,9.916666667,-1.787222222,9.916666667,16.66343525,-0.18538588,4.103695182,25.16297253,0.0,20.7712116,6.606881965,25.16297253,0.0,90.15,29.70006113,15.31958218,20.7712116,0.0,37.95768519,0.0,4,5,5,-1.412,43.8302,4,2,0
78,79,5.258427051,11.18481481,-0.58625,11.18481481,16.25695427,0.480755869,3.603632548,10.09050592,0.0,0.0,0.0,5.106527395,11.24901029,90.88,11.24901029,14.69560176,17.8116152,9.967957042,9.339915911,0.0,3,6,6,-0.7395,45.8252,0,0,0
79,80,4.129077278,10.77325728,-0.618132559,10.77325728,16.46146506,-0.138417036,3.708725106,15.37044016,0.0,6.420821623,0.0,14.32593732,10.63357721,67.43,11.81435946,9.589074368,7.047671983,10.63357721,4.660585632,0.0,2,5,5,-1.1149,43.5694,0,0,0
80,81,4.095594893,10.67018896,-0.637867536,10.67018896,16.46222916,-0.138496902,3.208725106,15.37044016,0.0,0.0,6.606881965,14.32593732,10.63357721,67.43,11.81435946,9.589074368,14.15746952,15.37044016,4.558145077,0.0,2,5,5,-1.505,38.9524,0,0,0
81,82,4.837442923,10.29514952,-0.475470522,10.29514952,16.47753015,0.035705359,3.622386238,15.78731903,0.0,0.0,19.88245512,9.531400138,11.05045608,67.59,6.031114512,4.794537184,0.0,10.21669833,2.524444444,-0.475470522,3,5,5,-1.0556,39.9781,0,0,1
82,83,5.49167666,10.54736111,-1.116898148,10.54736111,16.36810908,-0.683555528,3.461561087,20.95152066,0.0,0.0,5.969305288,20.01239037,16.15698348,99.83,17.91832585,14.69560176,5.316788604,0.0,11.73127079,-0.967222222,4,5,5,-3.684,32.9368,0,0,2
83,84,5.131059164,11.00685185,-0.590277778,11.00685185,16.51051294,-0.130050446,4.03435335,16.20419791,12.15204021,0.0,24.04374487,14.32593732,11.46733495,95.41,23.65017155,9.589074368,0.0,0.0,0.0,0.0,4,5,5,-1.4734,43.1698,0,0,2
84,85,4.97760811,11.45324074,-0.368055556,11.45324074,16.51148167,-0.14215269,4.162415566,4.736862954,12.15204021,0.0,24.04374487,14.32593732,5.84267027,72.63,0.0,9.589074368,0.0,0.0,0.727037037,0.0,2,5,5,-1.2015,40.8214,0,0,1
85,86,5.096688482,3.962592593,0.653333333,3.962592593,15.49772055,0.842488642,4.006551851,9.799819462,0.0,0.0,0.0,0.0,9.799819462,57.58,0.0,0.0,0.0,20.39472723,15.85037037,0.0,0,6,6,-1.0934,42.048,0,0,0
86,87,4.645041534,3.796111111,0.798611111,3.796111111,15.54970877,0.464004103,2.924101533,5.316788604,0.0,10.42677019,13.08951281,0.0,5.316788604,55.63,0.0,0.0,0.0,20.8422406,14.25888889,0.0,1,5,5,-1.2237,29.5237,0,0,0
87,88,4.589762763,3.0625,0.9375,3.0625,15.2470691,0.44309471,2.121320344,0.0,0.0,0.0,0.0,0.0,15.95036581,36.09,0.0,0.0,0.0,15.95036581,9.1875,0.0,3,3,3,-1.3587,24.0081,0,0,0
88,89,4.597039849,3.820694444,0.550925926,3.820694444,15.60715278,0.483459425,3.433989504,0.0,0.0,20.85354038,0.0,0.0,0.0,87.2,0.0,0.0,0.0,31.050904,22.28537037,0.0,0,8,8,-1.9304,33.838,0,0,0
89,90,4.952388647,10.4675,-0.538055556,10.4675,16.49913327,-0.119717424,3.228178353,15.16017895,0.0,0.0,25.35957115,14.63792753,5.316788604,58.56,6.103966388,4.794537184,6.9237372,5.316788604,11.67564815,-0.210648148,2,4,4,-1.1178,34.4305,1,1,0
90,91,5.223582532,10.72619237,-0.907175926,10.72619237,16.61740138,-0.202083768,4.291115097,20.26670635,0.0,6.9237372,12.14580722,19.74445493,5.316788604,78.79,24.53980033,15.00759197,6.9237372,5.316788604,21.31270597,-0.420138889,3,5,5,-1.0208,44.7823,2,2,0
91,92,5.026155603,10.78509023,-0.552075775,10.78509023,16.58813685,-0.119892286,4.36624954,19.89704191,0.0,0.0,19.25560476,19.37479049,5.316788604,67.79,6.103966388,9.901064579,6.9237372,5.316788604,12.12220852,-0.111435185,2,5,5,-1.3504,43.0915,1,1,0
92,93,5.500047563,11.41393519,-0.995185185,11.41393519,16.19209128,-0.142885401,4.17208419,0.0,0.0,0.0,5.917906046,19.17814874,5.316788604,83.55,35.46453101,19.17814874,7.047671983,0.0,2.04462963,0.0,1,6,6,-1.7361,42.5237,0,0,0
93,94,5.515075391,11.41393519,-0.995185185,11.41393519,16.19209128,-0.142885401,4.17208419,0.0,0.0,0.0,5.917906046,19.17814874,5.316788604,83.55,35.46453101,19.17814874,7.047671983,0.0,2.04462963,0.0,1,6,6,-1.7361,42.5237,0,0,0
94,95,5.016151144,8.280694444,0.014444444,8.280694444,16.27431928,0.110971525,2.21212466,10.21305479,0.0,7.047671983,13.33769871,10.21305479,0.0,43.7,0.0,0.0,0.0,0.0,16.49569444,0.0,2,3,3,-1.1397,26.8016,2,2,0
95,96,5.396554048,10.36226852,-0.203703704,10.36226852,16.15787396,-0.139689741,2.221429063,10.63357721,0.0,0.0,0.0,4.794537184,5.733667477,46.33,0.0,4.794537184,0.0,0.0,0.0,-0.203703704,2,3,3,-1.2143,25.6124,0,0,1
96,97,5.294301405,11.11166667,-0.744027778,11.11166667,16.3351794,-0.123531494,4.207736662,10.21305479,0.0,7.047671983,12.20793278,15.00759197,0.0,60.77,12.20793278,15.00759197,0.0,0.0,19.02435185,-0.321759259,2,4,4,-1.2463,41.5936,2,2,0
97,98,4.538520861,8.431064815,-0.173611111,8.431064815,16.25573712,0.265727005,2.486775909,15.19703331,0.0,0.0,0.0,10.21305479,0.0,82.03,0.0,0.0,0.0,15.18134214,23.84203704,0.0,3,5,5,-1.2107,28.2283,2,2,0
98,99,5.134270491,10.73333333,-0.793402778,10.73333333,16.50863171,-0.143756459,3.296258731,15.78731903,0.0,6.9237372,6.606881965,9.531400138,11.05045608,64.35,11.50823054,4.794537184,0.0,5.316788604,3.030833333,0.0,3,4,4,-1.1498,36.4211,0,0,1
99,100,5.256432486,9.143842593,-1.21412037,9.143842593,16.54302921,-0.214699157,3.490018126,25.79011262,0.0,6.9237372,6.103966388,20.05644514,5.733667477,95.94,30.64376672,0.0,0.0,0.0,27.34527778,0.0,5,5,5,-2.2274,36.5428,3,3,1
100,101,4.903659104,9.13837963,-1.189814815,9.13837963,16.46408779,0.13075111,1.286388341,5.207253025,0.0,5.176881928,0.0,5.207253025,11.21376408,87.71,6.289710395,0.0,5.480096598,10.91054941,9.83962963,0.0,4,5,5,-1.0261,18.6926,0,0,1
101,102,5.23943279,9.143842593,-1.21412037,9.143842593,16.54302921,-0.214699157,3.490018126,25.79011262,0.0,6.9237372,6.103966388,20.05644514,5.733667477,95.94,30.64376672,0.0,0.0,0.0,27.34527778,0.0,5,5,5,-2.2274,36.5428,3,3,1
102,103,4.790589732,10.69796296,-0.479166667,10.69796296,16.47641587,-0.121708899,2.915284563,15.78731903,0.0,0.0,13.21376393,9.531400138,11.05045608,64.35,6.041840829,4.794537184,0.0,5.316788604,2.605324074,-0.479166667,3,4,4,-1.5399,31.8041,0,0,1
103,104,4.750039288,10.69796296,-0.479166667,10.69796296,16.47641587,-0.121708899,2.915284563,15.78731903,0.0,0.0,13.21376393,9.531400138,11.05045608,64.35,6.041840829,4.794537184,0.0,5.316788604,2.605324074,-0.479166667,3,4,4,-1.5399,31.8041,0,0,1
104,105,5.195233713,9.17537037,-1.158888889,9.17537037,16.36470992,-0.100511716,3.549549541,25.74289818,0.0,0.0,24.85665557,20.42610958,5.316788604,92.95,24.35373999,5.106527395,0.0,5.316788604,38.61819444,-0.533888889,5,5,5,-2.9668,36.8969,4,4,0
105,106,5.309285378,9.199537037,-1.346712963,9.199537037,16.62768392,-0.248306319,3.637143913,30.89664001,0.0,0.0,12.64872279,25.16297253,5.733667477,116.17,37.25064869,10.21305479,0.0,0.0,36.06475151,-1.039074074,6,6,6,-3.255,37.9546,4,4,1
106,107,5.285684961,9.199537037,-1.346712963,9.199537037,16.62768392,-0.248306319,3.637143913,30.89664001,0.0,0.0,12.64872279,25.16297253,5.733667477,116.17,37.25064869,10.21305479,0.0,0.0,36.06475151,-1.039074074,6,6,6,-3.255,37.9546,4,4,1
107,108,5.232995314,10.38837963,-0.712962963,10.38837963,16.27388452,-0.120321322,2.429466517,16.15698348,0.0,0.0,6.103966388,9.901064579,11.05045608,75.35,12.14580722,4.794537184,0.0,5.316788604,11.16486111,-0.712962963,4,4,4,-2.1956,26.9919,1,1,1
108,109,4.29119192,10.55712963,-0.810185185,10.55712963,16.26883183,-0.123443564,2.745015105,16.15698348,0.0,6.9237372,6.103966388,9.901064579,11.05045608,75.35,12.14580722,4.794537184,13.97140918,5.316788604,11.0587037,-0.810185185,4,4,4,-1.5595,33.7229,1,1,1
109,110,5.384622631,10.61807162,-0.991189531,10.61807162,16.1873904,-0.13692179,3.247778255,16.0344346,0.0,0.0,18.56600448,9.589074368,11.05045608,100.87,11.81435946,9.589074368,6.327320075,15.28474565,2.299768519,0.0,4,6,6,-1.4888,39.6288,0,0,1
110,111,4.904233878,10.294375,-0.452546296,10.294375,16.50316795,-0.124835985,2.773038246,16.20419791,0.0,0.0,18.75268918,9.531400138,11.46733495,78.34,5.538925252,4.794537184,0.0,0.0,0.0,0.0,4,4,4,-1.4105,31.5488,0,0,2
111,112,5.010637027,10.20722222,-0.399166667,10.20722222,16.14611825,-0.116947426,2.424469926,5.733667477,5.213385096,0.0,12.11474962,4.794537184,5.733667477,84.66,5.907179729,4.794537184,6.196843572,15.41074871,9.408657407,0.0,3,5,5,-1.1675,29.2811,0,0,1
112,113,4.786548147,10.61227915,-0.552685185,10.61227915,16.47747301,-0.119477586,4.049089605,16.20419791,0.0,0.0,19.25560476,9.531400138,11.46733495,81.58,11.94902056,4.794537184,0.0,4.899909731,0.0,-0.552685185,4,5,5,-1.8688,44.4288,0,0,2
113,114,5.839969523,10.18962963,-1.041666667,10.18962963,16.36820703,-0.664686509,3.013420006,20.95152066,0.0,0.0,12.58659724,15.21785318,16.15698348,82.76,12.01114612,9.901064579,0.0,0.0,11.89796296,-0.722222222,4,4,4,-3.6007,28.1798,0,0,2
114,115,5.662350189,10.20087963,-1.017361111,10.20087963,16.36686196,-0.63782176,2.996583254,20.95152066,0.0,0.0,31.01856498,15.21785318,16.15698348,82.76,11.88721133,9.901064579,0.0,0.0,12.09486111,-0.212962963,4,4,4,-3.7432,28.1318,0,0,2
115,116,5.234835108,8.95662037,-1.190972222,8.95662037,16.53229821,-0.184381484,3.040555688,25.79011262,0.0,0.0,6.606881965,20.05644514,5.733667477,95.94,24.53980033,0.0,0.0,0.0,26.78856481,0.0,5,5,5,-2.6159,31.9478,3,3,1
116,117,5.344745927,9.332037037,-1.245740741,9.332037037,16.58836515,-0.216576958,3.891226956,30.99736564,0.0,0.0,12.64872279,25.26369816,11.21376408,128.2,37.18852313,10.21305479,0.0,0.0,35.91063114,-0.941851852,7,7,7,-3.2685,40.658,3,3,1
117,118,5.323849175,9.332037037,-1.245740741,9.332037037,16.58836515,-0.216576958,3.891226956,30.99736564,0.0,0.0,12.64872279,25.26369816,11.21376408,128.2,37.18852313,10.21305479,0.0,0.0,35.91063114,-0.941851852,7,7,7,-3.2685,40.658,3,3,1
118,119,5.33939934,9.332037037,-1.245740741,9.332037037,16.58836515,-0.216576958,3.891226956,30.99736564,0.0,0.0,12.64872279,25.26369816,11.21376408,128.2,37.18852313,10.21305479,0.0,0.0,35.91063114,-0.941851852,7,7,7,-3.2685,40.658,3,3,1
119,120,5.830451191,10.18962963,-1.041666667,10.18962963,16.36820703,-0.664686509,3.013420006,20.95152066,0.0,0.0,12.58659724,15.21785318,16.15698348,82.76,12.01114612,9.901064579,0.0,0.0,11.89796296,-0.722222222,4,4,4,-3.6007,28.1798,0,0,2
120,121,5.84427559,10.18962963,-1.041666667,10.18962963,16.36820703,-0.664686509,3.013420006,20.95152066,0.0,0.0,12.58659724,15.21785318,16.15698348,82.76,12.01114612,9.901064579,0.0,0.0,11.89796296,-0.722222222,4,4,4,-3.6007,28.1798,0,0,2
121,122,6.046848661,10.14921296,-0.997268519,10.14921296,16.36801476,-0.664430626,2.996583254,20.95152066,0.0,0.0,18.55590252,15.21785318,16.15698348,82.76,12.01114612,9.901064579,0.0,0.0,11.8575463,-0.367685185,4,4,4,-3.6007,28.1798,0,0,2
122,123,5.682794225,10.20087963,-1.017361111,10.20087963,16.36686196,-0.63782176,2.996583254,20.95152066,0.0,0.0,31.01856498,15.21785318,16.15698348,82.76,11.88721133,9.901064579,0.0,0.0,12.09486111,-0.212962963,4,4,4,-3.7432,28.1318,0,0,2
123,124,5.665057308,10.20087963,-1.017361111,10.20087963,16.36686196,-0.63782176,2.996583254,20.95152066,0.0,0.0,31.01856498,15.21785318,16.15698348,82.76,11.88721133,9.901064579,0.0,0.0,12.09486111,-0.212962963,4,4,4,-3.7432,28.1318,0,0,2
124,125,5.23782595,8.95662037,-1.190972222,8.95662037,16.53229821,-0.184381484,3.040555688,25.79011262,0.0,0.0,6.606881965,20.05644514,5.733667477,95.94,24.53980033,0.0,0.0,0.0,26.78856481,0.0,5,5,5,-2.6159,31.9478,3,3,1
125,126,5.25283178,10.12680556,-0.094907407,10.12680556,16.2512468,-0.117846277,2.135706983,10.84019487,0.0,0.0,13.15163837,9.901064579,5.733667477,63.32,0.0,4.794537184,0.0,0.0,8.091388889,0.0,3,3,3,-1.1034,25.7642,1,1,1
126,127,5.570730429,10.47055556,-1.317777778,10.47055556,16.36766639,-0.435827371,2.832899223,21.36839953,0.0,0.0,18.93488332,20.42926924,16.57386235,110.86,12.01114612,14.69560176,0.0,5.733667477,9.984048564,-0.97587963,5,5,5,-3.7353,30.3615,0,0,1
127,128,5.575958239,10.47055556,-1.317777778,10.47055556,16.36766639,-0.435827371,2.832899223,21.36839953,0.0,0.0,18.93488332,20.42926924,16.57386235,110.86,12.01114612,14.69560176,0.0,5.733667477,9.984048564,-0.97587963,5,5,5,-3.7353,30.3615,0,0,1
128,129,4.231644608,10.55712963,-0.810185185,10.55712963,16.26883183,-0.123443564,2.745015105,16.15698348,0.0,6.9237372,6.103966388,9.901064579,11.05045608,75.35,12.14580722,4.794537184,13.97140918,5.316788604,11.0587037,-0.810185185,4,4,4,-1.5595,33.7229,1,1,1
129,130,5.18901563,9.17079932,-0.575549887,9.17079932,16.31712284,0.043414555,4.419275662,15.11296452,0.0,7.047671983,12.71084835,10.21305479,0.0,46.94,6.103966388,5.106527395,0.0,16.84749144,17.80112402,0.0,2,4,4,-1.413,47.0296,2,2,0
130,131,5.113436263,10.73333333,-0.793402778,10.73333333,16.50863171,-0.143756459,3.296258731,15.78731903,0.0,6.9237372,6.606881965,9.531400138,11.05045608,64.35,11.50823054,4.794537184,0.0,5.316788604,3.030833333,0.0,3,4,4,-1.1498,36.4211,0,0,1
131,132,5.149344698,9.17079932,-0.575549887,9.17079932,16.31712284,0.043414555,4.419275662,15.11296452,0.0,7.047671983,12.71084835,10.21305479,0.0,46.94,6.103966388,5.106527395,0.0,16.84749144,17.80112402,0.0,2,4,4,-1.413,47.0296,2,2,0
132,133,5.32426774,11.11166667,-0.744027778,11.11166667,16.3351794,-0.123531494,4.207736662,10.21305479,0.0,7.047671983,12.20793278,15.00759197,0.0,60.77,12.20793278,15.00759197,0.0,0.0,19.02435185,-0.321759259,2,4,4,-1.2463,41.5936,2,2,0
133,134,4.692895961,10.80991119,-0.168703704,10.80991119,16.25156276,-0.12123156,3.785136228,15.7401046,0.0,0.0,6.606881965,14.69560176,10.63357721,78.43,0.0,9.589074368,6.9237372,10.63357721,13.30073056,0.0,3,5,5,-1.3789,43.3962,1,1,0
134,135,4.583274526,10.34946854,-1.480185185,10.34946854,16.35523304,-0.131054626,3.335329672,20.846632,0.0,0.0,0.0,19.80212916,10.63357721,98.66,24.2701618,9.589074368,13.8474744,0.0,21.88018519,0.0,4,6,6,-2.1046,39.647,2,2,0
135,136,4.519915565,10.34946854,-1.480185185,10.34946854,16.35523304,-0.131054626,3.335329672,20.846632,0.0,0.0,0.0,19.80212916,10.63357721,98.66,24.2701618,9.589074368,13.8474744,0.0,21.88018519,0.0,4,6,6,-2.1046,39.647,2,2,0
136,137,4.985345455,10.24226852,-0.56712963,10.24226852,16.15550344,-0.125283257,2.601623963,11.05045608,0.0,6.9237372,0.0,9.589074368,11.05045608,72.19,11.94902056,9.589074368,13.8474744,5.316788604,2.328703704,-0.56712963,3,4,4,-1.0037,32.4731,0,0,1
137,138,4.609125147,10.34946854,-1.480185185,10.34946854,16.35523304,-0.131054626,3.335329672,20.846632,0.0,0.0,0.0,19.80212916,10.63357721,98.66,24.2701618,9.589074368,13.8474744,0.0,21.88018519,0.0,4,6,6,-2.1046,39.647,2,2,0
138,139,4.975907263,11.12414352,-1.260138889,11.12414352,16.29509229,-0.136727791,4.129235617,20.63637079,13.8474744,0.0,13.21376393,20.11411937,5.316788604,89.79,17.42613659,9.901064579,0.0,5.316788604,29.0014607,0.0,4,5,5,-1.5257,46.9691,3,3,0
139,140,4.985099141,11.12414352,-1.260138889,11.12414352,16.29509229,-0.136727791,4.129235617,20.63637079,13.8474744,0.0,13.21376393,20.11411937,5.316788604,89.79,17.42613659,9.901064579,0.0,5.316788604,29.0014607,0.0,4,5,5,-1.5257,46.9691,3,3,0
140,141,4.365437054,10.82907785,-0.616759259,10.82907785,16.46223076,-0.138744007,3.769385278,15.37044016,0.0,6.9237372,6.606881965,14.32593732,10.63357721,67.43,11.81435946,9.589074368,7.109797541,15.37044016,4.772589522,0.0,2,5,5,-1.1149,43.5694,0,0,0
141,142,5.075100872,10.65759259,-0.7075,10.65759259,16.25195409,-0.1387154,3.388689619,15.7401046,0.0,6.9237372,6.606881965,14.69560176,10.63357721,78.43,11.81435946,9.589074368,0.0,10.63357721,12.81789816,0.0,3,5,5,-1.769,38.7792,1,1,0
142,143,4.779584329,10.21967593,-0.618055556,10.21967593,16.18908742,-0.138082378,2.15824829,10.63357721,0.0,0.0,0.0,9.589074368,10.63357721,58.2,11.81435946,9.589074368,14.09534397,10.63357721,4.329351852,0.0,2,4,4,-1.5216,28.1334,0,0,0
143,144,5.254117929,10.96120748,-0.320740741,10.96120748,16.18352032,-0.141734649,3.686473969,5.316788604,0.0,0.0,0.0,14.38361155,5.316788604,66.48,0.0,14.38361155,7.047671983,5.316788604,2.347916667,0.0,1,5,5,-1.1186,40.0207,0,0,0
144,145,4.900840436,10.23736111,-0.264768519,10.23736111,16.25169441,0.235884965,2.373905302,15.7401046,0.0,0.0,6.606881965,9.901064579,10.63357721,61.36,0.0,4.794537184,7.047671983,10.63357721,12.88871599,-0.264768519,3,4,4,-1.0923,29.5442,1,1,0
145,146,4.99593694,10.46407407,-1.324074074,10.46407407,16.5444572,-0.153187367,2.543676764,15.20739338,0.0,0.0,14.21959508,19.06280028,5.733667477,78.62,17.98045141,9.589074368,0.0,9.473725908,0.0,-1.324074074,2,5,5,-1.3403,32.0074,0,0,1
146,147,5.091459522,10.91083333,-1.204861111,10.91083333,16.54956388,-0.155400711,3.090099943,9.473725908,0.0,0.0,14.21959508,19.06280028,5.316788604,74.54,17.47753583,9.589074368,14.21959508,14.79051451,2.600185185,0.0,1,5,5,-1.3256,34.7657,0,0,0
147,148,4.987110444,11.01708333,-1.663194444,11.01708333,16.87849067,-0.160822563,3.190511886,9.473725908,0.0,0.0,14.21959508,23.90038886,0.0,68.14,17.66359617,9.589074368,21.26726707,9.473725908,1.074074074,0.0,0,6,6,-1.0943,35.611,0,0,0
148,149,4.797241667,10.68861111,-0.852430556,10.68861111,16.54836714,-0.164180898,2.639628766,15.20739338,0.0,0.0,20.32356147,14.26826309,5.733667477,61.55,11.50823054,4.794537184,7.109797541,4.736862954,0.0,0.0,2,4,4,-1.1129,29.7534,0,0,1
149,150,4.41401317,10.44601852,-0.921296296,10.44601852,16.52590804,-0.144051412,2.607387541,15.57705783,0.0,6.9237372,13.21376393,14.63792753,5.733667477,72.55,18.1151125,4.794537184,14.03353474,4.736862954,8.696574074,-0.921296296,3,4,4,-1.1325,31.6722,1,1,1
150,151,4.328224429,10.44601852,-0.921296296,10.44601852,16.52590804,-0.144051412,2.607387541,15.57705783,0.0,6.9237372,13.21376393,14.63792753,5.733667477,72.55,18.1151125,4.794537184,14.03353474,4.736862954,8.696574074,-0.921296296,3,4,4,-1.1325,31.6722,1,1,1
151,152,5.159303243,10.53361489,-1.900509259,10.53361489,16.55436879,-0.169200991,3.060074544,19.6867807,0.0,0.0,14.21959508,29.27585507,0.0,93.06,24.14654335,9.589074368,0.0,9.473725908,17.72472222,0.0,2,6,6,-1.9458,36.0456,2,2,0
152,153,4.405689139,10.44601852,-0.921296296,10.44601852,16.52590804,-0.144051412,2.607387541,15.57705783,0.0,6.9237372,13.21376393,14.63792753,5.733667477,72.55,18.1151125,4.794537184,14.03353474,4.736862954,8.696574074,-0.921296296,3,4,4,-1.1325,31.6722,1,1,1
153,154,4.375679987,10.44601852,-0.921296296,10.44601852,16.52590804,-0.144051412,2.607387541,15.57705783,0.0,6.9237372,13.21376393,14.63792753,5.733667477,72.55,18.1151125,4.794537184,14.03353474,4.736862954,8.696574074,-0.921296296,3,4,4,-1.1325,31.6722,1,1,1
154,155,4.773409266,10.9803347,-0.538796296,10.9803347,16.5251113,-0.14244621,4.372786907,15.20739338,0.0,0.0,20.32356147,14.26826309,5.733667477,64.79,6.041840829,4.794537184,7.109797541,9.636772685,0.0,-0.538796296,2,5,5,-1.1811,47.2504,0,0,1
155,156,4.741551638,11.03356859,-3.05037037,11.03356859,32.22782927,-0.142078059,5.387699339,10.05365156,0.0,0.0,18.61550475,17.94919712,5.316788604,72.47,21.84839925,13.21233417,7.109797541,10.05365156,2.771689815,-0.686342593,1,5,6,-1.454,42.4605,0,0,0
156,157,4.976394785,10.8207224,-0.776466837,10.8207224,16.52888296,0.055769691,3.427420353,9.473725908,0.0,0.0,14.21959508,19.06280028,0.0,104.16,11.93861058,9.589074368,14.21959508,29.86845314,13.27796296,0.0,0,8,8,-1.1602,40.301,0,0,0
157,158,4.731542968,9.178981481,-1.037083333,9.178981481,16.77773555,-0.204651674,3.275703402,24.42364365,0.0,0.0,0.0,24.42364365,0.0,68.15,24.78798623,10.21305479,14.21959508,0.0,18.35796296,0.0,2,5,5,-1.3166,34.6926,2,2,0
158,159,4.712994492,9.178981481,-1.037083333,9.178981481,16.77773555,-0.204651674,3.275703402,24.42364365,0.0,0.0,0.0,24.42364365,0.0,68.15,24.78798623,10.21305479,14.21959508,0.0,18.35796296,0.0,2,5,5,-1.3166,34.6926,2,2,0
159,160,4.725588427,9.178981481,-1.037083333,9.178981481,16.77773555,-0.204651674,3.275703402,24.42364365,0.0,0.0,0.0,24.42364365,0.0,68.15,24.78798623,10.21305479,14.21959508,0.0,18.35796296,0.0,2,5,5,-1.3166,34.6926,2,2,0
160,161,4.68728812,9.178981481,-1.037083333,9.178981481,16.77773555,-0.204651674,3.275703402,24.42364365,0.0,0.0,0.0,24.42364365,0.0,68.15,24.78798623,10.21305479,14.21959508,0.0,18.35796296,0.0,2,5,5,-1.3166,34.6926,2,2,0
161,162,5.003994171,9.638888889,-3.356481481,9.638888889,32.23313691,0.243525832,3.060724105,5.207253025,4.885402859,0.0,6.255769184,13.62505001,4.885402859,66.4,10.02329115,8.417796984,0.0,0.0,7.564814815,0.0,2,4,5,-1.0752,19.766,0,0,0
162,163,4.915772256,10.42949074,-0.989305556,10.42949074,16.28402634,-0.128083253,2.748129595,15.52984339,0.0,6.9237372,6.606881965,15.00759197,5.316788604,69.56,12.01114612,4.794537184,6.9237372,5.316788604,19.0472345,0.0,3,4,4,-1.5243,31.7763,2,2,0
163,164,4.762388085,10.39041667,-0.195740741,10.39041667,16.15595871,-0.124244639,2.615355072,10.63357721,0.0,0.0,6.544756406,9.589074368,10.63357721,58.2,0.0,9.589074368,13.97140918,10.63357721,4.711898148,0.0,2,4,4,-1.1315,32.7504,0,0,0
164,165,4.629690425,10.27611111,-0.511666667,10.27611111,16.56431855,-0.116972742,2.550943163,11.46733495,5.156663257,5.156663257,6.420821623,9.423576121,11.46733495,108.03,5.907179729,4.794537184,0.0,14.94236545,6.597546296,0.0,4,6,6,-1.3204,31.6088,0,0,2
165,166,4.529645162,10.195,-0.421666667,10.195,16.14616134,-0.116998221,2.417600479,5.733667477,0.0,0.0,6.420821623,4.794537184,5.733667477,84.66,5.907179729,4.794537184,6.327320075,15.18134214,6.085648148,0.0,3,5,5,-1.1675,29.2811,0,0,1
166,167,4.527463729,9.960277778,-0.954583333,9.960277778,16.27026044,-0.122147684,1.866704582,10.84019487,0.0,0.0,0.0,14.69560176,11.05045608,92.42,18.54517621,9.589074368,0.0,5.733667477,9.606203704,-0.954583333,4,5,5,-1.8264,24.8119,1,1,1
167,168,4.782159076,10.30888023,-0.455315334,10.30888023,16.47746432,0.038746374,4.122386238,15.78731903,0.0,0.0,13.21376393,9.531400138,11.05045608,67.59,6.031114512,4.794537184,0.0,10.21669833,2.54917517,-0.455315334,3,5,5,-1.0131,44.8451,0,0,1
168,169,4.889273532,9.758194444,-0.602731481,9.758194444,16.25164178,0.241557126,1.912580436,16.15698348,0.0,0.0,6.606881965,9.901064579,11.05045608,75.35,6.031114512,4.794537184,0.0,11.05045608,10.22888889,-0.602731481,4,4,4,-1.353,24.6719,1,1,1
169,170,5.201596941,10.269375,-1.41087963,10.269375,16.29153047,0.050243939,3.00214275,26.37003827,0.0,0.0,19.82064589,20.11411937,11.05045608,115.81,31.39068566,4.794537184,0.0,0.0,27.93666667,-0.900787037,6,6,6,-2.6296,36.7075,3,3,1
170,171,4.461613162,10.18638889,-0.51212963,10.18638889,16.15922914,0.242413806,2.815931465,11.05045608,0.0,0.0,0.0,4.794537184,21.68403329,79.18,6.031114512,4.794537184,0.0,15.95036581,8.388055556,-0.51212963,5,5,5,-1.8689,32.5125,0,0,1
171,172,4.885359885,10.5437963,-0.722222222,10.5437963,16.15930836,-0.131904455,3.212778743,11.46733495,0.0,18.75954929,0.0,9.589074368,11.46733495,86.18,17.7322655,9.589074368,0.0,0.0,0.0,0.0,4,4,4,-1.0168,34.6028,0,0,2
172,173,4.741954657,10.80576153,-0.381064815,10.80576153,16.4700535,0.09496122,3.023444551,15.57355102,5.156663257,0.0,6.544756406,9.317632121,11.05045608,94.04,0.0,4.794537184,7.047671983,19.98052532,5.733554422,0.0,3,6,6,-1.1121,35.5796,0,0,1
173,174,4.482913751,9.858796296,-0.351851852,9.858796296,16.58460638,-0.118663053,1.7141001,10.47053043,0.0,0.0,6.606881965,9.531400138,5.733667477,55.62,0.0,4.794537184,0.0,4.736862954,0.0,0.0,2,3,3,-1.1295,18.9344,0,0,1
174,175,4.676580213,10.40296296,-1.025462963,10.40296296,16.48092476,-0.128189188,3.266853488,15.57705783,0.0,6.420821623,6.606881965,14.63792753,5.733667477,72.55,12.01114612,4.794537184,0.0,0.0,9.071666667,0.0,3,4,4,-1.1309,34.1272,1,1,1
175,176,4.770840164,10.40296296,-1.025462963,10.40296296,16.48092476,-0.128189188,3.266853488,15.57705783,0.0,6.420821623,6.606881965,14.63792753,5.733667477,72.55,12.01114612,4.794537184,0.0,0.0,9.071666667,0.0,3,4,4,-1.1309,34.1272,1,1,1
176,177,4.723588032,10.40296296,-1.025462963,10.40296296,16.48092476,-0.128189188,3.266853488,15.57705783,0.0,6.420821623,6.606881965,14.63792753,5.733667477,72.55,12.01114612,4.794537184,0.0,0.0,9.071666667,0.0,3,4,4,-1.1309,34.1272,1,1,1
177,178,5.088708125,10.43902778,-0.443657407,10.43902778,16.15725546,-0.123345116,2.786075375,11.05045608,0.0,6.420821623,0.0,9.589074368,11.05045608,72.19,11.94902056,9.589074368,0.0,5.316788604,2.439814815,-0.418981481,3,4,4,-1.2497,30.3591,0,0,1
178,179,4.781895225,10.43407407,-0.338240741,10.43407407,16.4782965,-0.122201149,2.909301499,15.78731903,0.0,0.0,13.21376393,9.531400138,11.05045608,64.35,0.0,4.794537184,0.0,5.316788604,2.918981481,-0.278935185,3,4,4,-1.5399,31.8041,0,0,1
179,180,4.516363883,9.858796296,-0.351851852,9.858796296,16.58460638,-0.118663053,1.7141001,10.47053043,0.0,0.0,6.606881965,9.531400138,5.733667477,55.62,0.0,4.794537184,0.0,4.736862954,0.0,0.0,2,3,3,-1.1295,18.9344,0,0,1
180,181,4.88012701,10.25347222,-0.532407407,10.25347222,16.19426684,-0.1179094,2.059835135,0.0,0.0,0.0,0.0,9.589074368,11.15945887,75.43,6.031114512,9.589074368,0.0,0.0,2.811342593,-0.532407407,3,5,5,-1.5881,24.4321,0,0,1
181,182,5.131964971,3.685,0.681712963,3.685,15.71294052,0.674689491,2.727927174,10.74258,5.098681808,10.42677019,6.544756406,0.0,10.74258,67.66,0.0,0.0,4.790805728,26.268032,13.77240741,0.0,2,6,6,-1.3579,30.5344,0,0,0
182,183,5.288306895,10.74159722,-1.35587963,10.74159722,16.29123702,-0.120166554,3.41039104,20.63637079,6.578935684,6.076020107,19.82064589,20.11411937,5.316788604,89.79,31.26675088,4.794537184,0.0,11.89572429,28.47797902,0.0,4,5,5,-1.9957,42.3281,3,3,0
183,184,4.716146368,10.49138889,-0.028703704,10.49138889,16.13846987,-0.117234098,2.709794032,5.733667477,5.098681808,17.35050739,0.0,4.794537184,5.733667477,86.69,0.0,4.794537184,11.60554013,15.525452,10.12324074,0.0,2,6,6,-1.1557,32.9104,0,0,1
184,185,4.956988317,10.60343348,-0.840277778,10.60343348,16.15968436,-0.124328698,3.728397839,15.95036581,0.0,0.0,0.0,14.38361155,15.95036581,87.3,6.289710395,14.38361155,20.7712116,15.95036581,7.019166667,0.0,3,6,6,-1.3217,45.2381,0,0,0
185,186,4.416184795,10.8225,-0.258171296,10.8225,16.15572851,-0.124805734,3.526585998,10.63357721,0.0,0.0,13.08951281,14.38361155,10.63357721,75.27,0.0,14.38361155,13.8474744,10.63357721,4.658493953,0.0,2,5,5,-1.1723,42.3744,0,0,0
186,187,4.680441657,10.23555556,-1.25,10.23555556,16.3073198,-0.140562501,2.38061964,16.15698348,0.0,0.0,0.0,9.901064579,11.05045608,75.35,11.50823054,4.794537184,0.0,5.316788604,11.6824537,0.0,4,4,4,-2.194,27.0139,1,0,1
187,188,4.824486588,11.51967593,-0.498240741,11.51967593,16.19259294,-0.146018547,4.914793074,15.53348694,0.0,13.8474744,0.0,9.589074368,10.63357721,61.44,11.81435946,9.589074368,0.0,10.63357721,5.712951074,0.008671816,2,5,5,-1.0572,52.7284,0,0,0
188,189,4.886159323,9.930555556,-0.101851852,9.930555556,16.13896496,-0.115938949,1.727727507,11.46733495,0.0,0.0,13.08951281,4.794537184,11.46733495,69.11,0.0,4.794537184,0.0,0.0,0.0,0.0,4,3,3,-1.5271,23.1158,0,0,2
189,190,5.274468805,10.07796296,-0.935185185,10.07796296,16.26870939,-0.12076893,2.28369024,16.57386235,0.0,6.9237372,6.103966388,9.901064579,11.46733495,89.34,18.05298695,4.794537184,6.9237372,0.0,8.565462963,-0.935185185,5,4,4,-1.8202,28.8506,1,1,2
190,191,5.181145096,10.07796296,-0.935185185,10.07796296,16.26870939,-0.12076893,2.28369024,16.57386235,0.0,6.9237372,6.103966388,9.901064579,11.46733495,89.34,18.05298695,4.794537184,6.9237372,0.0,8.565462963,-0.935185185,5,4,4,-1.8202,28.8506,1,1,2
191,192,5.12844348,9.36662037,-1.154305556,9.36662037,16.36543674,-0.138475066,3.928961267,20.42610958,0.0,7.047671983,18.75268918,20.42610958,0.0,84.16,24.35373999,15.31958218,0.0,0.0,36.63435185,-0.482962963,4,5,5,-2.6246,41.5242,4,4,0
192,193,5.635701628,9.870963719,-1.082453704,9.870963719,16.36691277,-0.873678272,2.785136228,19.9075017,0.0,0.0,19.62385924,19.9075017,10.00643713,64.8,5.969305288,9.901064579,0.0,0.0,18.1863511,0.0,2,4,4,-3.7567,28.7135,1,1,0
193,194,6.076507778,9.985324074,-1.184074074,9.985324074,16.36768745,-0.858086345,2.792058439,20.53464179,0.0,0.0,32.65124649,14.80097431,15.7401046,70.59,12.01114612,9.901064579,0.0,0.0,9.985324074,-0.837962963,3,4,4,-3.7919,30.6601,0,0,1
194,195,4.542738753,10.89074074,-0.292824074,10.89074074,16.49535395,-0.133159934,3.382531746,15.37044016,0.0,0.0,6.606881965,9.531400138,10.63357721,50.36,0.0,4.794537184,0.0,10.63357721,5.594953704,0.0,2,4,4,-1.2792,36.6764,0,0,0
195,196,6.158670859,9.985324074,-1.184074074,9.985324074,16.36768745,-0.858086345,2.792058439,20.53464179,0.0,0.0,32.65124649,14.80097431,15.7401046,70.59,12.01114612,9.901064579,0.0,0.0,9.985324074,-0.837962963,3,4,4,-3.7919,30.6601,0,0,1
196,197,5.079499023,9.36662037,-1.154305556,9.36662037,16.36543674,-0.138475066,3.928961267,20.42610958,0.0,7.047671983,18.75268918,20.42610958,0.0,84.16,24.35373999,15.31958218,0.0,0.0,36.63435185,-0.482962963,4,5,5,-2.6246,41.5242,4,4,0
197,198,5.101607312,10.34671296,-0.777777778,10.34671296,16.25399873,-0.122141763,2.30060867,16.15698348,0.0,0.0,6.606881965,9.901064579,11.05045608,75.35,6.041840829,4.794537184,7.047671983,5.316788604,10.54217593,-0.777777778,4,4,4,-1.948,29.1279,1,1,1
198,199,5.107436848,10.34671296,-0.777777778,10.34671296,16.25399873,-0.122141763,2.30060867,16.15698348,0.0,0.0,6.606881965,9.901064579,11.05045608,75.35,6.041840829,4.794537184,7.047671983,5.316788604,10.54217593,-0.777777778,4,4,4,-1.948,29.1279,1,1,1
199,200,5.282239207,9.911780045,-1.026898148,9.911780045,16.36675378,-0.871762908,2.877156753,20.53464179,0.0,0.0,19.56173368,14.80097431,15.7401046,70.59,5.969305288,9.901064579,0.0,0.0,9.911780045,0.0,3,4,4,-3.7903,30.6821,0,0,1
200,201,5.313822912,10.50671296,-0.333333333,10.50671296,16.15868421,-0.121167481,2.471429063,5.733667477,0.0,0.0,0.0,4.794537184,11.15945887,58.36,0.0,4.794537184,0.0,5.425791397,1.673611111,-0.333333333,3,4,4,-1.7097,28.7481,0,0,1
201,202,4.942198152,8.694027778,-0.111111111,8.694027778,16.50662465,-0.093643669,2.704238207,15.16017895,0.0,7.047671983,25.35957115,9.843390349,5.316788604,41.49,0.0,0.0,0.0,5.316788604,11.68361111,0.0,2,3,3,-1.0329,29.6955,1,1,0
202,203,5.38118078,10.55712963,-0.440972222,10.55712963,16.50661698,-0.134647852,3.353832567,15.78731903,0.0,6.9237372,6.103966388,9.531400138,11.05045608,64.35,6.103966388,4.794537184,0.0,5.316788604,3.040092593,0.0,3,4,4,-1.1514,36.3991,0,0,1
203,204,5.348791183,10.55712963,-0.440972222,10.55712963,16.50661698,-0.134647852,3.353832567,15.78731903,0.0,6.9237372,6.103966388,9.531400138,11.05045608,64.35,6.103966388,4.794537184,0.0,5.316788604,3.040092593,0.0,3,4,4,-1.1514,36.3991,0,0,1
204,205,5.032988858,9.36662037,-1.154305556,9.36662037,16.36543674,-0.138475066,3.928961267,20.42610958,0.0,7.047671983,18.75268918,20.42610958,0.0,84.16,24.35373999,15.31958218,0.0,0.0,36.63435185,-0.482962963,4,5,5,-2.6246,41.5242,4,4,0
205,206,5.432502894,9.585231481,-0.770833333,9.585231481,16.29183099,-0.018600643,3.105514778,10.423316,0.0,0.0,6.196843572,5.106527395,5.316788604,73.83,5.601050811,5.106527395,0.0,20.72753732,22.39013889,0.0,3,5,5,-1.4045,33.1492,1,0,0
206,207,5.400924571,10.86426682,-0.60087963,10.86426682,16.15644579,-0.126449676,4.257272495,16.78412356,13.8474744,12.33872767,6.544756406,9.589074368,16.78412356,98.21,11.94902056,9.589074368,0.0,5.316788604,2.458981481,-0.60087963,5,5,5,-1.0387,49.6345,0,0,2
207,208,4.974762519,8.692500709,0.25,8.692500709,16.25336716,0.098390787,4.529822128,10.21305479,0.0,0.0,13.21376393,10.21305479,0.0,46.94,0.0,0.0,0.0,9.799819462,17.38500142,0.0,2,4,4,-1.4114,47.0516,2,2,0
208,209,4.637890052,8.624444444,-0.575231481,8.624444444,16.60485213,-0.112138949,2.397931356,15.16017895,0.0,0.0,6.606881965,9.843390349,5.316788604,41.49,6.290026729,0.0,0.0,5.316788604,11.58393519,0.0,2,3,3,-1.0754,24.8285,1,1,0
209,210,5.442318279,11.03097254,-0.447909108,11.03097254,16.17472277,-0.124919696,4.408631167,10.63357721,0.0,0.0,12.46266245,14.38361155,15.95036581,87.3,6.041840829,14.38361155,6.9237372,15.95036581,7.6358105,-0.447909108,3,6,6,-1.8728,48.2411,0,0,0
210,211,4.722752647,10.76363875,-0.150580121,10.76363875,16.47783857,0.077435848,4.093752911,20.68722877,0.0,0.0,13.21376393,9.531400138,15.95036581,62.39,0.0,4.794537184,0.0,15.95036581,8.426430933,0.095762472,3,5,5,-1.0962,45.0681,0,0,0
211,212,4.9842103,10.65430556,-0.458333333,10.65430556,16.14949693,-0.125620969,2.907012842,16.36724469,0.0,7.047671983,0.0,4.794537184,16.36724469,67.15,5.538925252,4.794537184,0.0,10.63357721,5.848287037,0.0,4,4,4,-1.9669,33.8548,0,0,1
212,213,4.746222716,8.331437075,0.21875,8.331437075,16.50030782,-0.006289226,2.852303141,15.16017895,0.0,0.0,25.86248672,9.843390349,5.316788604,41.49,0.0,0.0,0.0,5.316788604,11.42518707,0.501990741,2,3,3,-1.0329,29.6955,1,1,0
213,214,5.408892499,10.94362765,-0.367916667,10.94362765,16.46213966,-0.124798801,3.797877056,10.05365156,0.0,0.0,19.06954442,14.32593732,10.63357721,67.43,0.0,9.589074368,0.0,10.63357721,5.117404337,-0.367916667,2,5,5,-1.3625,41.4334,0,0,0
214,215,5.435153425,11.03097254,-0.447909108,11.03097254,16.17472277,-0.124919696,4.408631167,10.63357721,0.0,0.0,12.46266245,14.38361155,15.95036581,87.3,6.041840829,14.38361155,6.9237372,15.95036581,7.6358105,-0.447909108,3,6,6,-1.8728,48.2411,0,0,0
215,216,5.206252772,10.4238892,-0.635409108,10.4238892,32.16650534,-0.118918158,4.562784382,16.78412356,0.0,0.0,11.91862922,9.589074368,16.78412356,98.21,11.94902056,9.589074368,18.68562215,5.316788604,2.556162132,-0.635409108,5,5,6,-1.3742,48.3115,0,0,2
216,217,4.554041377,10.93441421,-0.687083333,10.93441421,16.15562712,-0.125700374,4.129823424,16.0344346,0.0,0.0,6.327320075,9.589074368,11.05045608,100.87,11.94902056,9.589074368,13.25105727,15.28474565,2.456342593,-0.687083333,4,6,6,-1.0578,49.0908,0,0,1
217,218,4.296186547,11.03880433,-0.064673091,11.03880433,16.15273555,-0.122024463,4.179563419,15.53348694,0.0,14.09534397,6.544756406,9.589074368,10.63357721,61.44,0.0,9.589074368,0.0,10.63357721,5.116599978,0.0,2,5,5,-1.1997,50.2474,0,0,0
218,219,4.829287487,10.93441421,-0.687083333,10.93441421,16.15562712,-0.125700374,4.129823424,16.0344346,0.0,0.0,6.327320075,9.589074368,11.05045608,100.87,11.94902056,9.589074368,13.25105727,15.28474565,2.456342593,-0.687083333,4,6,6,-1.0578,49.0908,0,0,1
219,220,5.411844666,9.939212963,-1.101851852,9.939212963,16.36794192,-0.655005612,2.424103609,20.95152066,0.0,0.0,13.59242839,15.21785318,16.15698348,82.76,12.01114612,9.901064579,5.316788604,0.0,11.44847222,-0.587962963,4,4,4,-3.7432,25.6988,0,0,2
220,221,4.75607715,10.72861111,-0.741319444,10.72861111,16.52640202,-0.14850845,2.769385278,15.78731903,0.0,0.0,7.109797541,9.531400138,11.05045608,64.35,5.538925252,4.794537184,7.109797541,10.05365156,2.891111111,0.0,3,4,4,-1.5399,31.8041,0,0,1
221,222,5.468431562,10.94362765,-0.367916667,10.94362765,16.46213966,-0.124798801,3.797877056,10.05365156,0.0,0.0,19.06954442,14.32593732,10.63357721,67.43,0.0,9.589074368,0.0,10.63357721,5.117404337,-0.367916667,2,5,5,-1.3625,41.4334,0,0,0
222,223,5.216388223,10.10643519,-0.666666667,10.10643519,16.46324825,-0.119797178,2.219979463,16.20419791,0.0,0.0,6.606881965,9.531400138,11.46733495,78.34,11.94902056,4.794537184,7.109797541,4.736862954,0.0,-0.666666667,4,4,4,-1.5546,29.0458,0,0,2
223,224,5.190267571,10.10643519,-0.666666667,10.10643519,16.46324825,-0.119797178,2.219979463,16.20419791,0.0,0.0,6.606881965,9.531400138,11.46733495,78.34,11.94902056,4.794537184,7.109797541,4.736862954,0.0,-0.666666667,4,4,4,-1.5546,29.0458,0,0,2
224,225,4.644884783,10.48277778,-0.642546296,10.48277778,16.15634169,-0.125676046,2.863425644,16.78412356,0.0,6.9237372,6.544756406,9.589074368,16.78412356,98.21,11.94902056,9.589074368,6.9237372,5.316788604,2.290509259,-0.642546296,5,5,5,-2.0649,35.8535,0,0,2
225,226,5.401790444,10.07796296,-0.935185185,10.07796296,16.26870939,-0.12076893,2.28369024,16.57386235,0.0,6.9237372,6.103966388,9.901064579,11.46733495,89.34,18.05298695,4.794537184,6.9237372,0.0,8.565462963,-0.935185185,5,4,4,-1.8202,28.8506,1,1,2
226,227,5.047903497,11.49152778,-0.784305556,11.49152778,16.50903611,-0.147496516,4.427364753,20.47696756,0.0,6.9237372,13.21376393,14.63792753,10.63357721,70.59,5.601050811,4.794537184,0.0,10.63357721,14.19923824,0.0,3,5,5,-1.5266,47.3222,1,1,0
227,228,5.401105142,10.07796296,-0.935185185,10.07796296,16.26870939,-0.12076893,2.28369024,16.57386235,0.0,6.9237372,6.103966388,9.901064579,11.46733495,89.34,18.05298695,4.794537184,6.9237372,0.0,8.565462963,-0.935185185,5,4,4,-1.8202,28.8506,1,1,2
228,229,5.304896953,10.58805556,-0.226435185,10.58805556,16.14915013,0.773775266,2.557566613,5.733667477,0.0,0.0,6.544756406,0.0,11.42341088,76.7,0.0,4.794537184,4.567099648,10.19736362,5.899490741,0.0,3,5,5,-1.4329,31.7201,0,0,1
229,230,5.114230237,9.867546296,-0.902777778,9.867546296,16.25386732,-0.119499605,1.839283804,16.57386235,0.0,0.0,6.606881965,9.901064579,11.46733495,89.34,11.94902056,4.794537184,0.0,5.733667477,8.079351852,-0.902777778,5,4,4,-2.2087,24.2556,1,1,2
230,231,5.082829847,9.867546296,-0.902777778,9.867546296,16.25386732,-0.119499605,1.839283804,16.57386235,0.0,0.0,6.606881965,9.901064579,11.46733495,89.34,11.94902056,4.794537184,0.0,5.733667477,8.079351852,-0.902777778,5,4,4,-2.2087,24.2556,1,1,2
231,232,4.768651924,10.92148148,-0.868611111,10.92148148,16.1903812,-0.144037031,3.510092536,15.95036581,0.0,0.0,0.0,9.589074368,11.05045608,75.43,11.81435946,9.589074368,4.899909731,5.316788604,3.062504724,0.0,3,5,5,-2.0965,38.6441,0,0,1
232,233,5.576235725,10.49142652,-0.265910231,10.49142652,16.14695717,-0.120821649,4.421392651,10.63357721,0.0,0.0,0.0,9.589074368,5.733667477,66.64,0.0,9.589074368,0.0,4.899909731,0.0,0.0,2,5,5,-1.3642,47.8884,0,0,1
233,234,5.180002963,10.86507039,-0.356369992,10.86507039,16.14953339,-0.125198596,4.393006964,11.46733495,0.0,19.38639965,12.46266245,9.589074368,11.46733495,89.42,0.0,9.589074368,0.0,0.0,0.0,0.0,4,5,5,-1.331,47.5528,0,0,2
234,235,4.421252457,10.39418934,-0.275,10.39418934,16.47779211,-0.118694018,3.382428046,15.78731903,0.0,0.0,13.21376393,9.531400138,11.05045608,64.35,0.0,4.794537184,0.0,5.316788604,3.124583333,0.130787037,3,4,4,-1.1498,36.4211,0,0,1
235,236,4.349477836,10.39418934,-0.275,10.39418934,16.47779211,-0.118694018,3.382428046,15.78731903,0.0,0.0,13.21376393,9.531400138,11.05045608,64.35,0.0,4.794537184,0.0,5.316788604,3.124583333,0.130787037,3,4,4,-1.1498,36.4211,0,0,1
236,237,5.278026472,10.80776644,-0.316064815,10.80776644,16.14788581,-0.119713364,3.809538833,10.717646,0.0,0.0,23.75701689,4.794537184,11.05045608,83.8,0.0,4.794537184,0.0,15.28474565,3.015046296,-0.263148148,4,5,5,-1.0907,42.1138,0,0,1
237,238,4.741226478,10.89490741,-0.58912037,10.89490741,16.15543655,-0.132516444,3.243182156,11.05045608,0.0,0.0,0.0,9.589074368,11.05045608,72.19,11.82508578,9.589074368,0.0,5.316788604,2.924907407,0.0,3,4,4,-1.3497,35.1781,0,0,1
238,239,4.500378668,10.41157407,-0.417824074,10.41157407,16.49506189,-0.130295529,2.921206881,15.78731903,0.0,0.0,6.606881965,9.531400138,11.05045608,64.35,6.103966388,4.794537184,0.0,5.316788604,2.990324074,0.0,3,4,4,-1.5399,31.8041,0,0,1
239,240,4.514711414,10.41157407,-0.417824074,10.41157407,16.49506189,-0.130295529,2.921206881,15.78731903,0.0,0.0,6.606881965,9.531400138,11.05045608,64.35,6.103966388,4.794537184,0.0,5.316788604,2.990324074,0.0,3,4,4,-1.5399,31.8041,0,0,1
240,241,4.815905501,10.54055556,-0.888888889,10.54055556,16.48225915,-0.122596029,2.815931465,16.20419791,0.0,6.420821623,6.606881965,9.531400138,11.46733495,78.34,11.44610498,4.794537184,0.0,0.0,0.0,0.0,4,4,4,-1.4105,31.5488,0,0,2
241,242,5.315494212,10.80776644,-0.316064815,10.80776644,16.14788581,-0.119713364,3.809538833,10.717646,0.0,0.0,23.75701689,4.794537184,11.05045608,83.8,0.0,4.794537184,0.0,15.28474565,3.015046296,-0.263148148,4,5,5,-1.0907,42.1138,0,0,1
242,243,4.812353115,5.237222222,0.104583333,5.237222222,15.14132829,0.890850521,2.680792737,17.20100243,0.0,0.0,6.544756406,0.0,17.20100243,116.73,0.0,0.0,0.0,14.95193556,0.0,0.0,6,6,6,-1.5053,36.5432,0,0,3
243,244,5.75361713,10.18962963,-1.041666667,10.18962963,16.36820703,-0.664686509,3.013420006,20.95152066,0.0,0.0,12.58659724,15.21785318,16.15698348,82.76,12.01114612,9.901064579,0.0,0.0,11.89796296,-0.722222222,4,4,4,-3.6007,28.1798,0,0,2
244,245,6.024576339,10.14921296,-0.997268519,10.14921296,16.36801476,-0.664430626,2.996583254,20.95152066,0.0,0.0,18.55590252,15.21785318,16.15698348,82.76,12.01114612,9.901064579,0.0,0.0,11.8575463,-0.367685185,4,4,4,-3.6007,28.1798,0,0,2
245,246,5.150487259,8.95662037,-1.190972222,8.95662037,16.53229821,-0.184381484,3.040555688,25.79011262,0.0,0.0,6.606881965,20.05644514,5.733667477,95.94,24.53980033,0.0,0.0,0.0,26.78856481,0.0,5,5,5,-2.6159,31.9478,3,3,1
246,247,4.751516866,10.76363875,-0.150580121,10.76363875,16.47783857,0.077435848,4.093752911,20.68722877,0.0,0.0,13.21376393,9.531400138,15.95036581,62.39,0.0,4.794537184,0.0,15.95036581,8.426430933,0.095762472,3,5,5,-1.0962,45.0681,0,0,0
247,248,4.855235783,10.13925926,-0.619212963,10.13925926,16.14767036,0.099065322,1.960493697,5.733667477,0.0,0.0,0.0,4.794537184,5.733667477,84.66,5.907179729,4.794537184,6.327320075,15.18134214,5.754212963,0.0,3,5,5,-1.0964,24.9006,0,0,1
248,249,4.701366553,11.07372638,-0.556435185,11.07372638,16.14693688,0.099373957,4.340115168,16.78412356,0.0,0.0,5.693927995,4.794537184,16.78412356,106.92,5.907179729,4.794537184,0.0,15.28474565,3.12707294,0.0,5,6,6,-1.1966,50.373,0,0,2
249,250,4.333224125,10.55712963,-0.810185185,10.55712963,16.26883183,-0.123443564,2.745015105,16.15698348,0.0,6.9237372,6.103966388,9.901064579,11.05045608,75.35,12.14580722,4.794537184,13.97140918,5.316788604,11.0587037,-0.810185185,4,4,4,-1.5595,33.7229,1,1,1
