,index,Water_all_overlap_factor_100,Chi0n,Chi0v,Chi1n,Chi1v,Chi2n,Chi3n,Chi3v,Chi4n,HallKierAlpha,PEOE_VSA3,PEOE_VSA4,SMR_VSA4,SMR_VSA6,SlogP_VSA1,SlogP_VSA2,TPSA,VSA_EState4,NHOHCount,NumAliphaticRings,NumHeteroatoms,NumSaturatedRings,fr_Al_OH,fr_Al_OH_noTert,fr_NH1,fr_NH2,fr_ether
0,1,32.4281183,9.118802154,9.118802154,5.148717474,5.148717474,3.790063509,2.56937285,2.56937285,1.507330104,-1.76,0.0,0.0,0.0,5.316788604,5.316788604,0.0,12.03,4.911662835,1,0,1,0,0,0,1,0,0
1,2,28.6543349,7.706742302,7.706742302,4.949489743,4.949489743,3.14626437,2.0,2.0,1.28445705,-0.78,0.0,0.0,0.0,0.0,0.0,0.0,0.0,0.0,0,1,0,0,0,0,0,0,0
2,3,29.4007568,6.280598196,7.913591358,3.778370285,5.537675908,2.769061398,2.027444702,3.786750325,1.417269231,-0.86,0.0,0.0,0.0,0.0,0.0,0.0,0.0,0.0,0,0,2,0,0,0,0,0,0
3,4,29.6763799,7.872349906,8.688846487,4.396282162,5.212778743,3.235212301,2.076953381,3.278581468,1.517510145,-1.08,0.0,0.0,0.0,0.0,0.0,0.0,0.0,2.71462963,0,0,1,0,0,0,0,0,0
4,5,29.1667857,7.027050444,7.843547025,4.293885681,5.173538492,3.157785382,2.320737876,3.200390687,1.649953932,-1.34,0.0,0.0,0.0,0.0,0.0,0.0,0.0,0.0,0,0,1,0,0,0,0,0,0
5,6,29.0965461,7.706742302,7.706742302,4.949489743,4.949489743,3.14626437,2.0,2.0,1.28445705,-0.78,0.0,0.0,0.0,0.0,0.0,0.0,0.0,0.0,0,1,0,0,0,0,0,0,0
6,7,29.3710814,8.991563832,8.991563832,4.96536071,4.96536071,3.929938946,3.327226934,3.327226934,2.120798128,-0.52,0.0,0.0,5.917906046,0.0,0.0,0.0,0.0,6.34375,0,1,0,0,0,0,0,0,0
7,8,27.9155069,9.29252874,9.29252874,5.820385771,5.820385771,4.882838987,3.449929986,3.449929986,2.660921318,-0.78,0.0,0.0,5.917906046,0.0,0.0,0.0,0.0,2.969700491,0,1,0,1,0,0,0,0,0
8,9,28.1545216,8.868813121,8.868813121,5.250903141,5.250903141,4.972359336,3.733519065,3.733519065,2.110290864,-0.14,8.780830095,0.0,11.33289652,0.0,0.0,5.922529168,0.0,0.246527778,0,1,2,1,0,0,0,0,0
9,10,29.886403,8.687716254,8.687716254,5.587222523,5.587222523,4.262307566,3.066560794,3.066560794,1.995004805,-1.56,0.0,0.0,0.0,0.0,0.0,0.0,0.0,4.133822279,0,1,0,1,0,0,0,0,0
10,11,26.4298456,9.380468889,9.380468889,6.93265299,6.93265299,6.080637243,5.343990882,5.343990882,4.587856261,0.0,0.0,0.0,23.67162418,0.0,0.0,0.0,0.0,0.0,0,3,0,3,0,0,0,0,0
11,12,30.5998283,6.280598196,7.913591358,3.78435335,5.543658972,2.743466347,2.040040768,4.064638342,1.449461415,-0.86,0.0,0.0,0.0,0.0,0.0,0.0,0.0,0.0,0,0,2,0,0,0,0,0,0
12,13,29.2052328,9.369879009,9.369879009,5.838987503,5.838987503,4.221523389,3.208590675,3.208590675,2.373260484,-1.26,0.0,0.0,0.0,0.0,0.0,0.0,0.0,6.363603395,0,1,0,1,0,0,0,0,0
13,14,31.8109384,4.885410682,4.885410682,2.366973397,2.366973397,1.36295089,0.630748823,0.630748823,0.251981915,-1.32,0.0,0.0,5.733667477,6.544756406,11.05045608,18.35911586,72.19,4.591472978,3,0,4,0,0,0,1,1,0
14,15,28.939343,7.2909608,7.2909608,3.856783454,3.856783454,2.681648125,1.779074453,1.779074453,0.867332912,-0.53,0.0,0.0,0.0,13.65455395,5.316788604,64.72056404,110.02,0.0,5,0,6,0,4,4,1,0,0
15,16,29.4425541,4.034726289,4.034726289,1.996116976,1.996116976,1.367278672,0.633679734,0.633679734,0.113703839,-0.41,0.0,0.0,0.0,0.0,0.0,28.70714809,57.53,0.0,2,0,3,0,2,2,0,0,0
16,17,33.299264,5.385991023,5.385991023,2.728937113,2.728937113,1.498041979,0.852026589,0.852026589,0.41352357,-0.52,5.531128999,5.114250126,5.114250126,20.19931035,10.63357721,31.59554814,80.5,6.556721466,4,0,5,0,1,1,3,0,0
17,18,30.4832201,5.302095141,5.302095141,2.682625685,2.682625685,2.22844969,1.307651611,1.307651611,0.639789835,-1.39,4.794537184,0.0,0.0,0.0,10.63357721,23.76338002,75.27,-1.36400463,2,1,5,1,0,0,2,0,0
18,19,39.9295685,4.101914134,4.101914134,1.847831091,1.847831091,0.986977703,0.56040539,0.56040539,0.185150855,-0.52,10.9569204,5.114250126,10.9569204,7.047671983,16.58525027,13.33738238,86.29,8.616018519,5,0,5,0,0,0,3,1,0
19,20,28.8079595,5.059290154,5.059290154,2.587649199,2.587649199,1.857871159,0.983590104,0.983590104,0.365855165,-0.45,0.0,0.0,0.0,0.0,0.0,39.91764187,77.76,0.0,3,0,4,0,3,3,0,0,0
20,21,30.1222513,6.738174395,6.738174395,4.048030722,4.048030722,3.605082,2.825768611,2.825768611,1.753463805,-0.24,0.0,0.0,0.0,6.606881965,0.0,68.26040169,113.68,-1.279699074,5,2,6,2,5,5,0,0,1
21,22,30.1024925,6.738174395,6.738174395,4.048030722,4.048030722,3.605082,2.825768611,2.825768611,1.753463805,-0.24,0.0,0.0,0.0,6.606881965,0.0,68.26040169,113.68,-1.279699074,5,2,6,2,5,5,0,0,1
22,23,29.4543424,6.096714615,6.096714615,2.977902316,2.977902316,1.733366999,0.984059815,0.984059815,0.433602639,-0.78,0.0,0.0,0.0,13.71667951,0.0,43.78952106,72.83,0.0,1,0,5,0,1,1,0,0,2
23,24,29.8482173,7.2909608,7.2909608,3.856783454,3.856783454,2.681648125,1.779074453,1.779074453,0.867332912,-0.53,0.0,0.0,0.0,13.65455395,5.316788604,64.72056404,110.02,0.0,5,0,6,0,4,4,1,0,0
24,25,38.2073934,4.495760984,4.495760984,2.081213825,2.081213825,1.211756429,0.509167744,0.509167744,0.19508837,-1.36,5.480096598,0.0,5.733667477,0.0,11.21376408,17.02161248,92.42,5.894878118,4,0,5,0,0,0,1,1,0
25,26,28.9817009,5.059290154,5.059290154,2.587649199,2.587649199,1.857871159,0.983590104,0.983590104,0.365855165,-0.45,0.0,0.0,0.0,0.0,0.0,39.91764187,77.76,0.0,3,0,4,0,3,3,0,0,0
26,27,30.6299345,6.199589252,6.199589252,3.24600119,3.24600119,2.321293256,1.39073588,1.39073588,0.590696385,-0.82,0.0,0.0,5.733667477,0.0,5.733667477,52.24564322,120.85,5.004794029,5,0,6,0,3,3,0,1,0
27,28,37.3975316,6.000765753,6.000765753,2.947306302,2.947306302,2.17295928,1.178610006,1.178610006,0.513658538,-1.36,0.0,0.0,5.733667477,0.0,16.57386235,17.91832585,110.86,8.17593065,5,0,5,0,0,0,0,1,0
28,29,29.7812152,6.312257565,6.312257565,2.873520945,2.873520945,1.874958046,1.176615783,1.176615783,0.504128812,-1.39,4.794537184,0.0,0.0,14.15746952,0.0,43.7647812,63.68,0.0,0,0,5,0,0,0,0,0,1
29,30,31.7648702,6.072150751,6.072150751,2.980162819,2.980162819,1.757207109,0.812943773,0.812943773,0.458258706,-1.23,0.0,0.0,0.0,6.606881965,5.316788604,31.31428391,72.47,0.0,1,0,5,0,0,0,1,0,1
30,31,31.7826529,6.072150751,6.072150751,2.980162819,2.980162819,1.757207109,0.812943773,0.812943773,0.458258706,-1.23,0.0,0.0,0.0,6.606881965,5.316788604,31.31428391,72.47,0.0,1,0,5,0,0,0,1,0,1
31,32,32.1175191,5.210343431,5.210343431,2.309295861,2.309295861,1.389080684,0.51124953,0.51124953,0.168509337,-1.59,0.0,5.480096598,5.733667477,0.0,11.21376408,17.78366475,98.49,5.998434429,3,0,6,0,0,0,1,1,0
32,33,37.17355,5.586552191,5.586552191,2.870626365,2.870626365,2.178994952,1.393048426,1.393048426,0.869861742,-1.65,0.0,0.0,11.65157352,0.0,11.05045608,17.59760441,89.26,4.890462963,3,1,5,1,0,0,1,1,0
33,34,29.2748333,6.014604896,6.014604896,3.139200422,3.139200422,2.302297564,1.300426814,1.300426814,0.554221649,-0.52,4.390415048,0.0,0.0,0.0,0.0,46.08931727,77.76,0.0,3,0,5,0,3,3,0,0,0
34,35,28.3527538,7.19920909,7.19920909,3.71205887,3.71205887,2.567507445,1.666080684,1.666080684,0.885256055,-0.53,0.0,0.0,0.0,13.71667951,0.0,64.84481516,107.22,0.0,4,0,6,0,4,4,0,0,1
35,36,28.6420083,7.19920909,7.19920909,3.71205887,3.71205887,2.567507445,1.666080684,1.666080684,0.885256055,-0.53,0.0,0.0,0.0,13.71667951,0.0,64.84481516,107.22,0.0,4,0,6,0,4,4,0,0,1
36,37,29.5880719,6.096714615,6.096714615,2.977902316,2.977902316,1.733366999,0.984059815,0.984059815,0.433602639,-0.78,0.0,0.0,0.0,13.71667951,0.0,43.78952106,72.83,0.0,1,0,5,0,1,1,0,0,2
37,38,28.4531658,7.19920909,7.19920909,3.71205887,3.71205887,2.567507445,1.666080684,1.666080684,0.885256055,-0.53,0.0,0.0,0.0,13.71667951,0.0,64.84481516,107.22,0.0,4,0,6,0,4,4,0,0,1
38,39,28.8482596,5.766396935,5.766396935,3.070812446,3.070812446,2.20091248,1.226196297,1.226196297,0.559511326,-0.45,0.0,0.0,0.0,0.0,0.0,39.91764187,77.76,0.0,3,0,4,0,3,3,0,0,0
39,40,28.8726689,5.059290154,5.059290154,2.587649199,2.587649199,1.857871159,0.983590104,0.983590104,0.365855165,-0.45,0.0,0.0,0.0,0.0,0.0,39.91764187,77.76,0.0,3,0,4,0,3,3,0,0,0
40,41,28.4562899,5.059290154,5.059290154,2.587649199,2.587649199,1.857871159,0.983590104,0.983590104,0.365855165,-0.45,0.0,0.0,0.0,0.0,0.0,39.91764187,77.76,0.0,3,0,4,0,3,3,0,0,0
41,42,29.8067916,4.034726289,4.034726289,1.996116976,1.996116976,1.367278672,0.633679734,0.633679734,0.113703839,-0.41,0.0,0.0,0.0,0.0,0.0,28.70714809,57.53,0.0,2,0,3,0,2,2,0,0,0
42,43,29.7316448,4.034726289,4.034726289,1.996116976,1.996116976,1.367278672,0.633679734,0.633679734,0.113703839,-0.41,0.0,0.0,0.0,0.0,0.0,28.70714809,57.53,0.0,2,0,3,0,2,2,0,0,0
43,44,28.4680699,5.059290154,5.059290154,2.587649199,2.587649199,1.857871159,0.983590104,0.983590104,0.365855165,-0.45,0.0,0.0,0.0,0.0,0.0,39.91764187,77.76,0.0,3,0,4,0,3,3,0,0,0
44,45,28.2179808,5.059290154,5.059290154,2.587649199,2.587649199,1.857871159,0.983590104,0.983590104,0.365855165,-0.45,0.0,0.0,0.0,0.0,0.0,39.91764187,77.76,0.0,3,0,4,0,3,3,0,0,0
45,46,39.4668594,5.83682143,5.83682143,2.714982484,2.714982484,1.763448068,1.014363045,1.014363045,0.397224369,-1.22,9.589074368,11.79395094,11.79395094,0.0,11.79395094,34.35959814,145.1,0.0,6,0,8,0,2,2,0,2,0
46,47,34.4293967,7.293658972,7.293658972,3.859772676,3.859772676,2.500087738,1.411944749,1.411944749,0.85112624,-2.11,4.794537184,0.0,0.0,6.544756406,16.5657989,22.41989318,94.82,-1.389485072,3,0,6,0,0,0,3,0,0
47,48,28.3760693,4.487905156,4.487905156,2.315788793,2.315788793,1.476216578,0.822775914,0.822775914,0.265081621,-0.38,0.0,0.0,0.0,6.606881965,0.0,34.13439692,60.69,0.0,3,0,3,0,3,3,0,0,0
48,49,37.2669885,5.087132532,5.087132532,2.373512859,2.373512859,1.501077082,0.646898546,0.646898546,0.250387586,-1.26,0.0,0.0,10.8893802,6.544756406,11.05045608,23.49480895,87.71,5.006527778,4,0,5,0,0,0,1,1,0
49,50,29.7367081,6.238174395,7.132601586,3.56200947,4.078407249,2.719449317,1.86705949,2.29424154,1.081733811,0.15,0.0,0.0,0.0,6.606881965,0.0,56.88485547,90.15,-0.874490741,4,1,6,1,4,4,0,0,1
50,51,28.4911043,6.174645225,6.174645225,3.120526647,3.120526647,2.076914958,1.324175288,1.324175288,0.602426685,-0.49,0.0,0.0,0.0,13.71667951,0.0,53.63432138,86.99,0.0,3,0,5,0,3,3,0,0,1
51,52,31.1622838,6.569452578,6.569452578,3.383305567,3.383305567,2.455066461,1.454246485,1.454246485,0.637588753,-1.02,0.0,0.0,5.733667477,0.0,5.733667477,57.03531538,141.08,4.586273148,6,0,7,0,4,4,0,1,0
52,53,44.2281517,3.679264403,3.679264403,1.636506226,1.636506226,0.864969235,0.44483731,0.44483731,0.122648122,-0.56,16.38271179,5.114250126,16.79959067,0.0,22.53692333,6.289710395,112.31,10.52212963,7,0,6,0,0,0,3,2,0
53,54,29.5565926,6.368311069,6.368311069,3.401441653,3.401441653,2.444539837,1.482683922,1.482683922,0.643782612,-0.53,0.0,0.0,5.733667477,6.606881965,5.733667477,57.67289206,124.01,5.039091081,6,0,6,0,4,4,0,1,0
54,55,28.5807148,5.059290154,5.059290154,2.587649199,2.587649199,1.857871159,0.983590104,0.983590104,0.365855165,-0.45,0.0,0.0,0.0,0.0,0.0,39.91764187,77.76,0.0,3,0,4,0,3,3,0,0,0
55,56,31.1082009,5.45737602,5.45737602,2.346721999,2.346721999,1.713670332,0.607317177,0.607317177,0.210439655,-1.26,4.794537184,4.992404733,16.45973969,14.09534397,11.46733495,30.98592278,84.71,9.822777778,4,0,5,0,0,0,0,2,0
56,57,29.3529129,6.238174395,7.132601586,3.56200947,4.078407249,2.719449317,1.86705949,2.29424154,1.081733811,0.15,0.0,0.0,0.0,6.606881965,0.0,56.88485547,90.15,-0.874490741,4,1,6,1,4,4,0,0,1
57,58,33.7758585,4.524563865,4.524563865,2.059155957,2.059155957,1.108986171,0.675973469,0.675973469,0.273437012,-0.48,5.531128999,5.114250126,5.114250126,14.09534397,10.63357721,20.38505436,60.27,6.459907407,3,0,4,0,0,0,3,0,0
58,59,31.5391879,5.47177746,5.47177746,2.423106903,2.423106903,1.755054898,0.869622637,0.869622637,0.438218666,-0.48,5.531128999,5.114250126,5.114250126,21.14301595,5.316788604,32.33263607,51.48,6.611157407,2,0,4,0,0,0,2,0,0
59,60,30.2279882,7.255274008,7.255274008,3.816259302,3.816259302,2.418500583,1.101593008,1.101593008,0.561517585,-1.1,0.0,0.0,0.0,13.08951281,10.63357721,36.11436605,78.43,0.0,3,0,5,0,1,1,2,0,0
60,61,36.5115778,7.611116056,7.611116056,3.882878891,3.882878891,2.896408261,1.631402543,1.631402543,0.598423546,-1.14,0.0,0.0,0.0,0.0,16.15698348,35.17066046,117.1,3.374466175,5,0,6,0,1,1,1,0,0
61,62,29.8571698,6.548167227,6.548167227,3.25559913,3.25559913,2.138170497,0.991321254,0.991321254,0.434212924,-1.1,0.0,0.0,0.0,13.59242839,10.63357721,36.61728163,78.43,0.0,3,0,5,0,1,1,2,0,0
62,63,32.1041963,5.523603362,5.523603362,2.615355072,2.615355072,1.523129366,0.878791798,0.878791798,0.322602435,-1.06,0.0,0.0,0.0,14.09534397,10.63357721,25.90970342,58.2,0.0,2,0,4,0,0,0,2,0,0
63,64,36.1170753,6.523603362,6.523603362,3.115355072,3.115355072,1.688578376,0.952015103,0.952015103,0.381528,-1.46,9.589074368,0.0,0.0,20.76403515,21.26715442,32.82626418,82.26,0.0,4,0,6,0,0,0,4,0,0
64,65,31.9597647,6.86562431,6.86562431,3.335329672,3.335329672,2.11817616,1.329128609,1.329128609,0.582534488,-1.14,0.0,0.0,0.0,14.09534397,10.63357721,48.33069099,98.66,0.0,4,0,6,0,2,2,2,0,0
65,66,31.3243037,5.548167227,5.548167227,2.618322907,2.618322907,1.546994917,1.016738159,1.016738159,0.425932721,-0.61,0.0,0.0,0.0,20.76435149,5.316788604,37.882025,58.56,0.0,2,0,4,0,1,1,1,0,1
66,67,28.5136587,6.695941991,6.695941991,3.023395961,3.023395961,1.763849977,1.108481496,1.108481496,0.53605145,-1.59,9.589074368,0.0,0.0,14.21959508,5.316788604,38.61014179,81.7,0.0,1,0,6,0,0,0,1,0,2
67,68,27.8733712,5.177923739,5.177923739,2.704316941,2.704316941,2.12671957,1.400248212,1.400248212,0.69612208,-0.61,4.794537184,0.0,0.0,20.19931035,5.316788604,36.87619385,58.56,-1.241319444,2,1,4,1,1,0,1,0,1
68,69,32.7090235,6.812257565,6.812257565,3.135208987,3.135208987,2.016940211,1.256186747,1.256186747,0.532337018,-1.14,4.794537184,0.0,5.733667477,14.21959508,5.733667477,43.41054027,98.85,5.122361111,3,0,6,0,1,1,0,1,2
69,70,32.8711015,6.812257565,6.812257565,3.135208987,3.135208987,2.016940211,1.256186747,1.256186747,0.532337018,-1.14,4.794537184,0.0,5.733667477,14.21959508,5.733667477,43.41054027,98.85,5.122361111,3,0,6,0,1,1,0,1,2
70,71,29.244493,7.751995495,7.751995495,4.26691251,4.26691251,3.301503202,2.475063342,2.475063342,1.472917724,-0.2,0.0,0.0,5.917906046,13.71667951,0.0,53.63818758,79.15,0.0,3,1,5,1,3,3,0,0,2
71,72,29.3207855,7.751995495,7.751995495,4.26691251,4.26691251,3.301503202,2.475063342,2.475063342,1.472917724,-0.2,0.0,0.0,5.917906046,13.71667951,0.0,53.63818758,79.15,0.0,3,1,5,1,3,3,0,0,2
72,73,29.1596358,7.751995495,7.751995495,4.26691251,4.26691251,3.301503202,2.475063342,2.475063342,1.472917724,-0.2,0.0,0.0,5.917906046,13.71667951,0.0,53.63818758,79.15,0.0,3,1,5,1,3,3,0,0,2
73,74,29.5631546,7.63567992,7.63567992,4.085773296,4.085773296,3.135754621,2.235537183,2.235537183,1.35998789,-0.49,0.0,0.0,5.917906046,13.71667951,0.0,48.21093875,75.99,0.0,2,1,5,1,2,2,0,0,2
74,75,35.9940354,6.118591722,6.935088302,2.931304329,4.822715867,2.22412878,1.135121991,2.153978356,0.646012844,-1.37,13.21233417,0.0,0.0,6.255769184,11.24901029,24.64152321,99.86,-1.5675,2,0,7,0,0,0,2,0,0
75,76,31.1811102,7.241452909,7.241452909,3.667910752,3.667910752,3.042112177,1.50236801,1.50236801,0.530931263,-0.65,0.0,0.0,0.0,13.21376393,5.316788604,46.08341748,89.79,-1.061435185,4,0,5,0,3,3,1,0,0
76,77,29.4985594,6.164482801,6.164482801,3.175699279,3.175699279,2.270146446,0.951147215,0.951147215,0.39600347,-0.61,0.0,0.0,0.0,6.544756406,5.316788604,34.8729237,69.56,0.0,3,0,4,0,2,2,1,0,0
77,78,30.4009138,7.981559723,7.981559723,4.103695182,4.103695182,4.078914654,3.169652895,3.169652895,1.442836318,-0.2,0.0,0.0,0.0,6.606881965,0.0,50.12617071,90.15,-4.838726852,4,1,5,1,4,2,0,0,1
78,79,38.1352603,6.788274041,6.788274041,3.603632548,3.603632548,2.715816047,1.92612194,1.92612194,1.235773066,-1.98,4.794537184,0.0,7.047671983,0.0,11.24901029,19.64158408,90.88,-0.789398148,3,0,6,0,0,0,2,0,0
79,80,28.0500801,7.346065215,7.346065215,3.708725106,3.708725106,2.181377656,1.244086351,1.244086351,0.612235337,-1.1,0.0,0.0,0.0,27.30910789,10.63357721,39.12346735,67.43,0.0,2,0,5,0,0,0,2,0,1
80,81,27.7707882,6.638958434,6.638958434,3.208725106,3.208725106,1.827824266,1.025034161,1.025034161,0.460433747,-1.1,0.0,0.0,0.0,27.30910789,10.63357721,39.12346735,67.43,0.0,2,0,5,0,0,0,2,0,1
81,82,30.5969294,6.376594352,6.376594352,3.622386238,3.622386238,2.429547773,1.580599448,1.580599448,0.948999496,-0.81,4.794537184,0.0,5.733667477,32.97196793,11.05045608,43.90299217,67.59,4.901658872,3,1,5,1,0,0,1,1,1
82,83,32.0579227,5.948359511,5.948359511,3.461561087,3.461561087,2.704191024,1.921491072,1.921491072,1.265503891,-1.1,0.0,0.0,5.733667477,0.0,16.15698348,23.96016668,99.83,4.976578798,4,1,5,1,0,0,0,2,0
83,84,34.2044143,6.843547025,6.843547025,4.03435335,4.03435335,3.306518877,2.55658801,2.55658801,1.986334761,-1.36,0.0,0.0,23.30314705,0.0,11.46733495,24.02229223,95.41,10.3037037,4,2,5,1,0,0,0,2,1
84,85,32.6241186,6.713410351,6.713410351,4.162415566,4.162415566,3.548258647,2.94469722,2.94469722,2.326656447,-1.2,10.85158279,0.0,17.67848236,0.0,5.84267027,29.03120476,72.63,0.0,2,3,5,2,0,0,0,1,1
85,86,29.7238138,6.511708698,6.511708698,4.006551851,4.006551851,2.974096319,1.917883492,1.917883492,0.971867651,-1.46,0.0,0.0,0.0,35.97884509,9.799819462,46.57375286,57.58,0.0,0,2,6,2,0,0,0,0,0
86,87,32.6210427,4.910174726,4.910174726,2.924101533,2.924101533,1.995031937,1.389563801,1.389563801,0.908693667,-0.97,4.681802935,0.0,0.0,6.544756406,5.316788604,26.75201134,55.63,0.0,1,1,5,0,0,0,1,0,0
87,88,30.1997728,3.621320344,3.621320344,2.121320344,2.121320344,1.280330086,0.75,0.75,0.452665043,-0.12,0.0,0.0,0.0,20.00607357,15.95036581,20.00607357,36.09,0.0,3,1,3,1,0,0,3,0,0
88,89,31.3879275,5.991922326,5.991922326,3.433989504,3.433989504,2.505524653,1.794510801,1.794510801,1.186468401,-1.86,9.36360587,0.0,0.0,0.0,0.0,40.41450987,87.2,0.0,0,1,8,0,0,0,0,0,0
89,90,29.2233917,5.832624277,5.832624277,3.228178353,3.228178353,2.411821981,1.439142473,1.439142473,0.941925567,-0.61,0.0,0.0,0.0,13.21376393,5.316788604,36.37327827,58.56,0.0,2,1,4,1,1,1,1,0,1
90,91,31.2304693,7.72743163,7.72743163,4.291115097,4.291115097,3.329162833,2.109159456,2.109159456,1.47301995,-0.65,0.0,0.0,0.0,0.0,5.316788604,40.66003485,78.79,0.0,3,1,5,1,2,2,1,0,1
91,92,28.7669637,7.395573106,7.395573106,4.36624954,4.36624954,3.470262402,2.415935739,2.415935739,1.863859179,-0.65,0.0,0.0,0.0,13.21376393,5.316788604,48.58121105,67.79,0.0,2,2,5,2,1,1,1,0,2
92,93,30.4342836,7.442014077,7.442014077,4.17208419,4.17208419,3.436207554,2.597175093,2.597175093,1.846613406,-1.72,0.0,0.0,11.83581209,7.047671983,5.316788604,35.57630063,83.55,0.0,1,2,6,2,0,0,1,0,0
93,94,29.5646291,7.442014077,7.442014077,4.17208419,4.17208419,3.436207554,2.597175093,2.597175093,1.846613406,-1.72,0.0,0.0,11.83581209,7.047671983,5.316788604,35.57630063,83.55,0.0,1,2,6,2,0,0,1,0,0
94,95,29.5410086,4.46296113,4.46296113,2.21212466,2.21212466,1.444697282,0.723142037,0.723142037,0.241421356,-0.12,0.0,0.0,0.0,26.9301271,0.0,42.04309162,43.7,0.0,2,0,3,0,2,2,0,0,0
95,96,32.089926,4.217269206,4.217269206,2.221429063,2.221429063,1.825253373,1.163978387,1.163978387,0.633750988,-0.57,0.0,0.0,5.733667477,13.59242839,5.733667477,30.44135868,46.33,5.221203704,2,1,3,1,0,0,0,1,0
96,97,28.7013397,6.973503716,6.973503716,4.207736662,4.207736662,3.728272666,3.058220455,3.058220455,2.262316232,-0.45,0.0,0.0,0.0,7.047671983,0.0,52.23549588,60.77,0.0,2,2,4,2,2,2,0,0,0
97,98,33.1078623,4.703067944,4.703067944,2.486775909,2.486775909,1.53461572,0.87953669,0.87953669,0.479570114,-0.94,0.0,0.0,0.0,0.0,0.0,25.39439693,82.03,0.0,3,0,5,0,2,2,1,0,0
98,99,32.5018106,6.015167194,6.015167194,3.296258731,3.296258731,2.620343049,1.683025819,1.683025819,0.88465701,-0.61,0.0,0.0,5.733667477,19.69639478,11.05045608,31.20462532,64.35,4.304097222,3,1,4,1,0,0,1,1,1
99,100,32.1346147,6.213990692,6.213990692,3.490018126,3.490018126,2.777594198,1.889155426,1.889155426,1.082884725,-0.2,0.0,0.0,5.733667477,0.0,5.733667477,45.96334891,95.94,5.277962963,5,1,5,1,3,3,0,1,1
100,101,36.9376933,2.95737602,2.95737602,1.286388341,1.286388341,0.67934601,0.245833316,0.245833316,0.023570226,-0.52,0.0,5.480096598,10.91054941,0.0,11.21376408,11.49696342,87.71,6.045138889,4,0,5,0,0,0,1,1,0
101,102,31.9941325,6.213990692,6.213990692,3.490018126,3.490018126,2.777594198,1.889155426,1.889155426,1.082884725,-0.2,0.0,0.0,5.733667477,0.0,5.733667477,45.96334891,95.94,5.277962963,5,1,5,1,3,3,0,1,1
102,103,30.1035321,5.092517463,5.092517463,2.915284563,2.915284563,1.972435495,1.179810126,1.179810126,0.663481626,-0.61,0.0,0.0,5.733667477,19.75852033,11.05045608,31.70754089,64.35,5.341203704,3,1,4,1,0,0,1,1,1
103,104,30.3947549,5.092517463,5.092517463,2.915284563,2.915284563,1.972435495,1.179810126,1.179810126,0.663481626,-0.61,0.0,0.0,5.733667477,19.75852033,11.05045608,31.70754089,64.35,5.341203704,3,1,4,1,0,0,1,1,1
104,105,29.9013791,6.012469021,6.012469021,3.549549541,3.549549541,2.745848167,1.942262415,1.942262415,1.151781065,-0.2,0.0,0.0,0.0,13.15163837,5.316788604,57.93148794,92.95,0.0,5,1,5,1,4,4,1,0,0
105,106,31.3749526,6.368311069,6.368311069,3.637143913,3.637143913,2.8062071,1.948612922,1.948612922,1.117618325,-0.24,0.0,0.0,5.733667477,6.606881965,5.733667477,57.67675827,116.17,5.262470711,6,1,6,1,4,4,0,1,1
106,107,31.4876266,6.368311069,6.368311069,3.637143913,3.637143913,2.8062071,1.948612922,1.948612922,1.117618325,-0.24,0.0,0.0,5.733667477,6.606881965,5.733667477,57.67675827,116.17,5.262470711,6,1,6,1,4,4,0,1,1
107,108,31.9103915,4.294619475,4.294619475,2.429466517,2.429466517,1.838282678,1.202716372,1.202716372,0.624714338,-0.61,0.0,0.0,5.733667477,6.544756406,11.05045608,29.70427075,75.35,5.159722222,4,1,4,1,1,1,1,1,0
108,109,32.0136019,5.587512694,5.587512694,2.745015105,2.745015105,1.880637615,1.068867722,1.068867722,0.385738212,-0.61,0.0,0.0,5.733667477,7.047671983,11.05045608,30.20718632,75.35,5.208472222,4,0,4,0,1,1,1,1,0
109,110,33.4276655,6.202867765,6.202867765,3.247778255,3.247778255,2.123774369,1.218041093,1.218041093,0.643980959,-1.85,4.983978521,0.0,5.733667477,0.0,11.05045608,21.7823165,100.87,5.411220238,4,0,6,0,0,0,2,1,0
110,111,32.3229371,5.092517463,5.092517463,2.773038246,2.773038246,2.498261254,1.305332031,1.305332031,0.813304714,-0.61,0.0,0.0,11.46733495,13.21376393,11.46733495,24.65986891,78.34,10.03891204,4,1,4,1,0,0,0,2,1
111,112,34.9126664,4.664482801,4.664482801,2.424469926,2.424469926,1.607864023,0.82269212,0.82269212,0.490233468,-1.39,0.0,0.0,5.733667477,0.0,5.733667477,21.31792844,84.66,5.434814815,3,0,5,0,0,0,1,1,0
112,113,29.4583312,7.03129489,7.03129489,4.049089605,4.049089605,2.92184261,1.924050981,1.924050981,1.151881063,-0.65,0.0,0.0,11.46733495,32.84803315,11.46733495,49.69696344,81.58,10.52158518,4,1,5,1,0,0,0,2,1
113,114,32.1371421,5.04011122,5.04011122,3.013420006,3.013420006,2.321726157,1.654036137,1.654036137,1.093601866,-0.61,0.0,0.0,5.733667477,6.544756406,16.15698348,24.59774335,82.76,5.427824074,4,1,4,1,0,0,0,2,0
114,115,31.3115094,5.04011122,5.04011122,2.996583254,2.996583254,2.349462932,1.679007789,1.679007789,1.078309914,-0.61,0.0,0.0,11.65157352,13.08951281,16.15698348,25.10065893,82.76,5.427824074,4,1,4,1,0,0,0,2,0
115,116,30.7866446,5.343747204,5.343747204,3.040555688,3.040555688,2.346481568,1.540174021,1.540174021,0.828820891,-0.2,0.0,0.0,5.733667477,6.606881965,5.733667477,46.46626448,95.94,5.187546296,5,1,5,1,3,3,0,1,1
116,117,34.8519171,6.868311069,6.868311069,3.891226956,3.891226956,2.965343888,2.103353966,2.103353966,1.253748605,-0.28,0.0,5.480096598,5.733667477,6.606881965,11.21376408,57.71535834,128.2,7.140711451,7,1,7,1,3,3,1,1,1
117,118,34.5745645,6.868311069,6.868311069,3.891226956,3.891226956,2.965343888,2.103353966,2.103353966,1.253748605,-0.28,0.0,5.480096598,5.733667477,6.606881965,11.21376408,57.71535834,128.2,7.140711451,7,1,7,1,3,3,1,1,1
118,119,34.5739309,6.868311069,6.868311069,3.891226956,3.891226956,2.965343888,2.103353966,2.103353966,1.253748605,-0.28,0.0,5.480096598,5.733667477,6.606881965,11.21376408,57.71535834,128.2,7.140711451,7,1,7,1,3,3,1,1,1
119,120,32.1354293,5.04011122,5.04011122,3.013420006,3.013420006,2.321726157,1.654036137,1.654036137,1.093601866,-0.61,0.0,0.0,5.733667477,6.544756406,16.15698348,24.59774335,82.76,5.427824074,4,1,4,1,0,0,0,2,0
120,121,32.6067532,5.04011122,5.04011122,3.013420006,3.013420006,2.321726157,1.654036137,1.654036137,1.093601866,-0.61,0.0,0.0,5.733667477,6.544756406,16.15698348,24.59774335,82.76,5.427824074,4,1,4,1,0,0,0,2,0
121,122,32.4619018,5.04011122,5.04011122,2.996583254,2.996583254,2.392715103,1.582782745,1.582782745,1.050126251,-0.61,0.0,0.0,5.733667477,6.544756406,16.15698348,24.59774335,82.76,5.440555556,4,1,4,1,0,0,0,2,0
122,123,31.2641305,5.04011122,5.04011122,2.996583254,2.996583254,2.349462932,1.679007789,1.679007789,1.078309914,-0.61,0.0,0.0,11.65157352,13.08951281,16.15698348,25.10065893,82.76,5.427824074,4,1,4,1,0,0,0,2,0
123,124,30.9014393,5.04011122,5.04011122,2.996583254,2.996583254,2.349462932,1.679007789,1.679007789,1.078309914,-0.61,0.0,0.0,11.65157352,13.08951281,16.15698348,25.10065893,82.76,5.427824074,4,1,4,1,0,0,0,2,0
124,125,30.9372534,5.343747204,5.343747204,3.040555688,3.040555688,2.346481568,1.540174021,1.540174021,0.828820891,-0.2,0.0,0.0,5.733667477,6.606881965,5.733667477,46.46626448,95.94,5.187546296,5,1,5,1,3,3,0,1,1
125,126,32.2805807,4.054132499,4.054132499,2.135706983,2.135706983,1.216406078,0.618313067,0.618313067,0.226762561,-0.41,0.0,0.0,5.733667477,13.15163837,5.733667477,24.04141071,63.32,4.897453704,3,0,3,0,1,1,0,1,0
126,127,36.0001415,5.500765753,5.500765753,2.832899223,2.832899223,1.962882444,1.035074775,1.035074775,0.441489755,-0.94,0.0,0.0,5.733667477,6.544756406,16.57386235,24.33914747,110.86,8.116856576,5,0,5,0,0,0,0,1,0
127,128,36.3676996,5.500765753,5.500765753,2.832899223,2.832899223,1.962882444,1.035074775,1.035074775,0.441489755,-0.94,0.0,0.0,5.733667477,6.544756406,16.57386235,24.33914747,110.86,8.116856576,5,0,5,0,0,0,0,1,0
128,129,31.8500465,5.587512694,5.587512694,2.745015105,2.745015105,1.880637615,1.068867722,1.068867722,0.385738212,-0.61,0.0,0.0,5.733667477,7.047671983,11.05045608,30.20718632,75.35,5.208472222,4,0,4,0,1,1,1,1,0
129,130,27.1189288,7.608845338,7.608845338,4.419275662,4.419275662,3.440281792,2.275593989,2.275593989,1.386224319,-0.16,0.0,0.0,0.0,46.37833598,0.0,72.49517662,46.94,0.0,2,1,4,1,2,2,0,0,0
130,131,32.4447204,6.015167194,6.015167194,3.296258731,3.296258731,2.620343049,1.683025819,1.683025819,0.88465701,-0.61,0.0,0.0,5.733667477,19.69639478,11.05045608,31.20462532,64.35,4.304097222,3,1,4,1,0,0,1,1,1
131,132,27.5882451,7.608845338,7.608845338,4.419275662,4.419275662,3.440281792,2.275593989,2.275593989,1.386224319,-0.16,0.0,0.0,0.0,46.37833598,0.0,72.49517662,46.94,0.0,2,1,4,1,2,2,0,0,0
132,133,28.8578704,6.973503716,6.973503716,4.207736662,4.207736662,3.728272666,3.058220455,3.058220455,2.262316232,-0.45,0.0,0.0,0.0,7.047671983,0.0,52.23549588,60.77,0.0,2,2,4,2,2,2,0,0,0
133,134,31.1728474,7.092137301,7.092137301,3.785136228,3.785136228,2.306522741,1.159979734,1.159979734,0.635771504,-1.1,0.0,0.0,0.0,19.69639478,10.63357721,36.61728163,78.43,0.0,3,0,5,0,1,1,2,0,0
134,135,33.3619323,6.86562431,6.86562431,3.335329672,3.335329672,2.29072219,1.001363575,1.001363575,0.574381054,-1.14,0.0,0.0,0.0,0.0,10.63357721,34.48321659,98.66,0.0,4,0,6,0,2,2,2,0,0
135,136,32.8944487,6.86562431,6.86562431,3.335329672,3.335329672,2.29072219,1.001363575,1.001363575,0.574381054,-1.14,0.0,0.0,0.0,0.0,10.63357721,34.48321659,98.66,0.0,4,0,6,0,2,2,2,0,0
136,137,33.9651453,5.471197119,5.471197119,2.601623963,2.601623963,1.824580549,0.846546179,0.846546179,0.376024148,-1.06,0.0,0.0,5.733667477,0.0,11.05045608,17.85620029,72.19,4.830601852,3,0,4,0,0,0,1,1,0
137,138,33.3370962,6.86562431,6.86562431,3.335329672,3.335329672,2.29072219,1.001363575,1.001363575,0.574381054,-1.14,0.0,0.0,0.0,0.0,10.63357721,34.48321659,98.66,0.0,4,0,6,0,2,2,2,0,0
138,139,31.1227933,7.94855969,7.94855969,4.129235617,4.129235617,3.563865799,1.807121003,1.807121003,0.717130878,-0.65,0.0,0.0,5.414990469,19.75852033,5.316788604,47.08924864,89.79,-0.861568405,4,0,5,0,3,3,1,0,0
139,140,30.9773476,7.94855969,7.94855969,4.129235617,4.129235617,3.563865799,1.807121003,1.807121003,0.717130878,-0.65,0.0,0.0,5.414990469,19.75852033,5.316788604,47.08924864,89.79,-0.861568405,4,0,5,0,3,3,1,0,0
140,141,28.0471645,7.346065215,7.346065215,3.769385278,3.769385278,2.108154351,1.135305915,1.135305915,0.587738408,-1.1,0.0,0.0,0.0,26.80619232,10.63357721,38.62055178,67.43,0.0,2,0,5,0,0,0,2,0,1
141,142,30.015373,6.38503052,6.38503052,3.388689619,3.388689619,1.838961869,0.940923096,0.940923096,0.490546998,-1.1,0.0,0.0,0.0,19.69639478,10.63357721,36.61728163,78.43,0.0,3,0,5,0,1,1,2,0,0
142,143,28.4025761,4.816496581,4.816496581,2.15824829,2.15824829,1.15824829,0.660352885,0.660352885,0.227062073,-1.06,0.0,0.0,0.0,14.09534397,10.63357721,25.90970342,58.2,0.0,2,0,4,0,0,0,2,0,0
143,144,30.953057,6.79327881,6.79327881,3.686473969,3.686473969,2.54679847,1.735397476,1.735397476,1.021884802,-1.39,0.0,0.0,0.0,13.59242839,5.316788604,36.21387731,66.48,0.0,1,1,5,1,0,0,1,0,0
144,145,32.2385836,4.769675448,4.769675448,2.373905302,2.373905302,1.229507638,0.624422603,0.624422603,0.257821083,-0.77,4.794537184,0.0,0.0,20.19931035,10.63357721,31.33695226,61.36,0.0,3,0,4,0,1,1,2,0,0
145,146,30.4836773,5.7876937,5.7876937,2.543676764,2.543676764,1.523990379,0.910236714,0.910236714,0.350158939,-1.1,9.589074368,0.0,5.733667477,14.21959508,5.733667477,32.20004649,78.62,5.032685185,2,0,5,0,0,0,0,1,2
146,147,28.9182672,6.340099943,6.340099943,3.090099943,3.090099943,2.242046724,1.598044323,1.598044323,0.808858528,-1.1,9.589074368,0.0,0.0,20.76435149,5.316788604,38.24188732,74.54,-1.204861111,1,1,5,1,0,0,1,0,2
147,148,28.6390369,6.988455048,6.988455048,3.190511886,3.190511886,2.215936453,1.604198072,1.604198072,0.869416685,-1.14,14.42666295,0.0,0.0,21.26726707,0.0,43.99408096,68.14,-1.663194444,0,1,6,1,0,0,0,0,2
148,149,30.3145244,5.216308703,5.216308703,2.639628766,2.639628766,2.140520152,1.311174195,1.311174195,0.643089538,-0.61,4.794537184,0.0,5.733667477,20.32356147,5.733667477,31.83179201,61.55,4.604884259,2,1,4,1,0,0,0,1,2
149,150,32.2959488,5.495760984,5.495760984,2.607387541,2.607387541,1.789546584,0.993068643,0.993068643,0.333023589,-0.61,0.0,0.0,5.733667477,7.109797541,5.733667477,30.33143744,72.55,5.145972222,3,0,4,0,1,1,0,1,1
150,151,32.7280723,5.495760984,5.495760984,2.607387541,2.607387541,1.789546584,0.993068643,0.993068643,0.333023589,-0.61,0.0,0.0,5.733667477,7.109797541,5.733667477,30.33143744,72.55,5.145972222,3,0,4,0,1,1,0,1,1
151,152,29.9445206,6.682120891,6.682120891,3.060074544,3.060074544,1.935994098,1.184424163,1.184424163,0.499290906,-1.14,9.589074368,0.0,0.0,14.21959508,0.0,48.57919322,93.06,0.0,2,0,6,0,2,2,0,0,2
152,153,32.4324217,5.495760984,5.495760984,2.607387541,2.607387541,1.789546584,0.993068643,0.993068643,0.333023589,-0.61,0.0,0.0,5.733667477,7.109797541,5.733667477,30.33143744,72.55,5.145972222,3,0,4,0,1,1,0,1,1
153,154,32.571252,5.495760984,5.495760984,2.607387541,2.607387541,1.789546584,0.993068643,0.993068643,0.333023589,-0.61,0.0,0.0,5.733667477,7.109797541,5.733667477,30.33143744,72.55,5.145972222,3,0,4,0,1,1,0,1,1
154,155,29.988725,7.862192911,7.862192911,4.372786907,4.372786907,3.042633422,2.062533984,2.062533984,1.28781895,-0.65,0.0,0.0,5.733667477,39.95783069,5.733667477,56.86888654,64.79,5.601546674,2,1,5,1,0,0,0,1,2
155,156,33.4200105,6.739912065,7.556408646,3.566332134,5.387699339,2.644230602,1.710106335,3.377440068,1.078484944,-0.62,8.417796984,0.0,0.0,25.16026116,5.316788604,45.58920426,72.47,0.0,1,1,6,1,0,0,1,0,1
156,157,29.4464056,7.421847544,7.421847544,3.427420353,3.427420353,2.030376843,1.214824622,1.214824622,0.575316221,-2.12,9.589074368,0.0,0.0,14.21959508,0.0,46.55293289,104.16,0.0,0,0,8,0,0,0,0,0,2
157,158,27.9246563,6.428573139,6.428573139,3.275703402,3.275703402,2.325453401,1.640473867,1.640473867,1.005137525,-0.2,0.0,0.0,0.0,14.21959508,0.0,49.22063611,68.15,0.0,2,1,5,1,2,2,0,0,3
158,159,27.8135498,6.428573139,6.428573139,3.275703402,3.275703402,2.325453401,1.640473867,1.640473867,1.005137525,-0.2,0.0,0.0,0.0,14.21959508,0.0,49.22063611,68.15,0.0,2,1,5,1,2,2,0,0,3
159,160,28.0743187,6.428573139,6.428573139,3.275703402,3.275703402,2.325453401,1.640473867,1.640473867,1.005137525,-0.2,0.0,0.0,0.0,14.21959508,0.0,49.22063611,68.15,0.0,2,1,5,1,2,2,0,0,3
160,161,28.2566365,6.428573139,6.428573139,3.275703402,3.275703402,2.325453401,1.640473867,1.640473867,1.005137525,-0.2,0.0,0.0,0.0,14.21959508,0.0,49.22063611,68.15,0.0,2,1,5,1,2,2,0,0,3
161,162,37.4133403,3.171958467,3.988455048,1.169312567,3.060724105,0.86345262,0.165822692,0.497468077,0.0,-0.13,8.417796984,0.0,0.0,6.255769184,4.885402859,19.88081919,66.4,0.0,2,0,5,0,0,0,1,0,0
162,163,30.2421238,5.294239313,5.294239313,2.748129595,2.748129595,1.690607732,0.790477303,0.790477303,0.326807138,-0.61,0.0,0.0,0.0,13.15163837,5.316788604,35.37583928,69.56,0.0,3,0,4,0,2,2,1,0,0
163,164,31.8465061,5.523603362,5.523603362,2.615355072,2.615355072,1.582915944,0.776729726,0.776729726,0.293139653,-1.06,0.0,0.0,0.0,13.59242839,10.63357721,25.40678785,58.2,0.0,2,0,4,0,0,0,2,0,0
164,165,34.7004315,5.072731091,5.072731091,2.550943163,2.550943163,1.73924777,0.927535983,0.927535983,0.500995191,-1.59,4.629038937,0.0,5.733667477,5.733667477,11.46733495,16.22050624,108.03,10.34703704,4,0,6,0,0,0,0,2,0
165,166,34.6883364,4.664482801,4.664482801,2.417600479,2.417600479,1.558419038,0.797258272,0.797258272,0.476633493,-1.39,4.983978521,5.098681808,5.733667477,0.0,5.733667477,21.08852187,84.66,4.850833333,3,0,5,0,0,0,1,1,0
166,167,35.8901847,4.048167227,4.048167227,1.866704582,1.866704582,1.070540988,0.406225868,0.406225868,0.176940015,-1.1,4.794537184,0.0,5.733667477,6.606881965,11.05045608,23.6517036,92.42,4.486944444,4,0,5,0,1,1,1,1,0
167,168,29.4055983,7.083701133,7.083701133,4.122386238,4.122386238,2.745040688,1.830966874,1.830966874,1.161986006,-0.81,4.794537184,0.0,5.733667477,39.39278955,11.05045608,50.3238138,67.59,4.914810878,3,1,5,1,0,0,1,1,1
168,169,32.7469311,3.847025718,3.847025718,1.912580436,1.912580436,1.014634263,0.411034255,0.411034255,0.179101519,-0.77,4.794537184,0.0,5.733667477,13.15163837,11.05045608,24.28928028,75.35,4.617361111,4,0,4,0,1,1,1,1,0
169,170,31.5306214,5.94855969,5.94855969,3.00214275,3.00214275,2.243922505,1.296356081,1.296356081,0.529931697,-0.85,4.794537184,0.0,5.733667477,19.82064589,11.05045608,46.71026784,115.81,3.31099537,6,0,6,0,3,3,1,1,0
170,171,34.5856655,4.977162391,4.977162391,2.815931465,2.815931465,1.84984933,1.108519891,1.108519891,0.749502457,-0.81,4.794537184,0.0,5.733667477,13.08951281,21.68403329,25.41033772,79.18,4.842222222,5,1,5,1,0,0,3,1,0
171,172,34.4165391,5.54011122,5.54011122,3.212778743,3.212778743,2.619838679,1.706463639,1.706463639,1.03438416,-1.06,0.0,0.0,23.30314705,0.0,11.46733495,11.81435946,86.18,9.877592593,4,1,4,1,0,0,0,2,0
172,173,34.3571758,5.995380822,5.995380822,3.023444551,3.023444551,1.794971216,1.072861652,1.072861652,0.541807331,-1.43,0.0,4.983978521,5.733667477,7.047671983,11.05045608,23.09549349,94.04,5.176795163,3,0,6,0,0,0,1,1,0
173,174,29.2329175,3.1783039,3.1783039,1.7141001,1.7141001,1.224344202,0.650671701,0.650671701,0.212378949,-0.57,0.0,0.0,5.733667477,6.606881965,5.733667477,18.61802808,55.62,4.733796296,2,1,3,1,0,0,0,1,1
174,175,28.9564303,5.617081328,5.617081328,3.266853488,3.266853488,2.470875984,1.702934239,1.702934239,1.034071842,-0.61,0.0,0.0,11.65157352,13.21376393,5.733667477,30.33143744,72.55,4.871296296,3,1,4,1,1,1,0,1,1
175,176,29.5392588,5.617081328,5.617081328,3.266853488,3.266853488,2.470875984,1.702934239,1.702934239,1.034071842,-0.61,0.0,0.0,11.65157352,13.21376393,5.733667477,30.33143744,72.55,4.871296296,3,1,4,1,1,1,0,1,1
176,177,29.3496486,5.617081328,5.617081328,3.266853488,3.266853488,2.470875984,1.702934239,1.702934239,1.034071842,-0.61,0.0,0.0,11.65157352,13.21376393,5.733667477,30.33143744,72.55,4.871296296,3,1,4,1,1,1,0,1,1
177,178,31.7947323,4.885410682,4.885410682,2.786075375,2.786075375,2.061143822,1.33873663,1.33873663,0.8274871,-1.06,0.0,0.0,5.733667477,0.0,11.05045608,17.85620029,72.19,4.906296296,3,1,4,1,0,0,1,1,0
178,179,30.5089232,5.092517463,5.092517463,2.909301499,2.909301499,1.983993887,1.265098006,1.265098006,0.748160679,-0.61,0.0,0.0,5.733667477,19.75852033,11.05045608,31.70754089,64.35,4.985740741,3,1,4,1,0,0,1,1,1
179,180,28.4976682,3.1783039,3.1783039,1.7141001,1.7141001,1.224344202,0.650671701,0.650671701,0.212378949,-0.57,0.0,0.0,5.733667477,6.606881965,5.733667477,18.61802808,55.62,4.733796296,2,1,3,1,0,0,0,1,1
180,181,33.4157691,4.048167227,4.048167227,2.059835135,2.059835135,1.481230296,0.821163832,0.821163832,0.457117782,-1.1,10.63720745,0.0,5.84267027,6.544756406,11.15945887,23.49196317,75.43,0.0,3,1,5,1,0,0,1,1,0
181,182,33.5276614,4.703067944,4.703067944,2.727927174,2.727927174,1.749186213,1.139193399,1.139193399,0.739934572,-1.33,0.0,0.0,0.0,23.83209281,10.74258,33.40577054,67.66,2.960648148,2,1,6,0,0,0,2,0,0
182,183,30.6238986,6.655666471,6.655666471,3.41039104,3.41039104,2.44804665,1.481751487,1.481751487,0.580962733,-0.91,0.0,0.0,0.0,19.82064589,5.316788604,46.58633306,89.79,-1.35587963,4,0,5,0,3,3,1,0,0
183,184,35.6022219,5.481559723,5.481559723,2.709794032,2.709794032,1.896748553,0.932030041,0.932030041,0.535078482,-1.46,4.681802935,0.0,0.0,5.733667477,5.733667477,25.99049988,86.69,5.263472222,2,0,6,0,0,0,0,1,0
184,185,35.4617695,7.802095141,7.802095141,3.728397839,3.728397839,2.534584057,1.042802099,1.042802099,0.718042573,-1.59,0.0,0.0,0.0,0.0,15.95036581,24.01124958,87.3,0.0,3,0,6,0,0,0,3,0,0
185,186,31.350229,7.138958434,7.138958434,3.526585998,3.526585998,2.358154351,1.06900522,1.06900522,0.508614263,-1.39,0.0,0.0,0.0,13.08951281,10.63357721,30.68711722,75.27,0.0,2,0,5,0,0,0,2,0,0
186,187,28.9914836,4.347025718,4.347025718,2.38061964,2.38061964,1.999388716,1.29354556,1.29354556,0.536034255,-0.61,0.0,0.0,5.733667477,13.08951281,11.05045608,29.70427075,75.35,3.553055556,4,1,4,1,1,0,1,1,0
187,188,30.4203128,8.66948757,8.66948757,4.914793074,4.914793074,3.670362975,2.018220512,2.018220512,1.335458061,-1.1,0.0,0.0,0.0,26.17902562,10.63357721,48.93513564,61.44,0.0,2,1,5,1,0,0,2,0,0
188,189,35.2186519,3.477162391,3.477162391,1.727727507,1.727727507,0.946923425,0.455341801,0.455341801,0.083333333,-0.41,0.0,0.0,11.46733495,13.08951281,11.46733495,18.87275776,69.11,9.706018519,4,0,3,0,0,0,0,2,0
189,190,34.1571897,4.664862963,4.664862963,2.28369024,2.28369024,1.668755772,0.848251505,0.848251505,0.237728606,-0.61,0.0,0.0,11.46733495,0.0,11.46733495,23.15951434,89.34,9.747685185,5,0,4,0,1,1,0,2,0
190,191,34.0590008,4.664862963,4.664862963,2.28369024,2.28369024,1.668755772,0.848251505,0.848251505,0.237728606,-0.61,0.0,0.0,11.46733495,0.0,11.46733495,23.15951434,89.34,9.747685185,5,0,4,0,1,1,0,2,0
191,192,29.2676375,6.959682617,6.959682617,3.928961267,3.928961267,3.238029476,2.366615688,2.366615688,1.501776078,-0.2,0.0,0.0,0.0,20.19931035,0.0,69.87906966,84.16,0.0,4,1,5,1,4,4,0,0,0
192,193,31.5865046,5.38503052,5.38503052,2.785136228,2.785136228,1.979498742,0.984694357,0.984694357,0.525648328,-0.61,0.0,0.0,0.0,26.74406676,10.00643713,37.81989944,64.8,0.0,2,0,4,0,1,1,1,0,0
193,194,31.0683532,5.6783039,5.6783039,2.792058439,2.792058439,2.336759592,0.930910923,0.930910923,0.523159739,-0.61,0.0,0.0,5.733667477,20.64010037,15.7401046,32.65124649,70.59,5.134537037,3,0,4,0,0,0,1,1,0
194,195,29.6532911,6.015167194,6.015167194,3.382531746,3.382531746,2.177807669,1.466440468,1.466440468,0.894807932,-0.61,0.0,0.0,0.0,26.74406676,10.63357721,38.75521288,50.36,0.0,2,1,4,1,0,0,2,0,1
195,196,31.1504365,5.6783039,5.6783039,2.792058439,2.792058439,2.336759592,0.930910923,0.930910923,0.523159739,-0.61,0.0,0.0,5.733667477,20.64010037,15.7401046,32.65124649,70.59,5.134537037,3,0,4,0,0,0,1,1,0
196,197,30.0746228,6.959682617,6.959682617,3.928961267,3.928961267,3.238029476,2.366615688,2.366615688,1.501776078,-0.2,0.0,0.0,0.0,20.19931035,0.0,69.87906966,84.16,0.0,4,1,5,1,4,4,0,0,0
197,198,32.4505545,4.717269206,4.717269206,2.30060867,2.30060867,1.403318028,0.779866109,0.779866109,0.268306752,-0.61,0.0,0.0,5.733667477,13.65455395,11.05045608,30.7101019,75.35,5.064953704,4,0,4,0,1,1,1,1,0
198,199,32.1660816,4.717269206,4.717269206,2.30060867,2.30060867,1.403318028,0.779866109,0.779866109,0.268306752,-0.61,0.0,0.0,5.733667477,13.65455395,11.05045608,30.7101019,75.35,5.064953704,4,0,4,0,1,1,1,1,0
199,200,31.3845384,5.515167194,5.515167194,2.877156753,2.877156753,2.044567079,1.017228525,1.017228525,0.581187627,-0.61,0.0,0.0,5.733667477,26.6819412,15.7401046,32.65124649,70.59,5.170976946,3,0,4,0,0,0,1,1,0
200,201,32.9194549,4.717269206,4.717269206,2.471429063,2.471429063,1.963069874,1.108381357,1.108381357,0.694622438,-0.61,5.008912524,0.0,5.733667477,13.59242839,11.15945887,30.55036147,58.36,7.850833333,3,1,4,1,0,0,1,1,0
201,202,29.6869673,4.97678223,4.97678223,2.704238207,2.704238207,2.181243249,1.589703828,1.589703828,0.663143314,-0.12,0.0,0.0,0.0,26.86831788,5.316788604,37.51377052,41.49,-0.111111111,2,1,3,1,1,1,1,0,1
202,203,32.09052,5.962760951,5.962760951,3.353832567,3.353832567,2.495959141,1.475440622,1.475440622,0.96198991,-0.61,0.0,0.0,5.733667477,13.08951281,11.05045608,31.20462532,64.35,5.025462963,3,1,4,1,0,0,1,1,1
203,204,32.2194925,5.962760951,5.962760951,3.353832567,3.353832567,2.495959141,1.475440622,1.475440622,0.96198991,-0.61,0.0,0.0,5.733667477,13.08951281,11.05045608,31.20462532,64.35,5.025462963,3,1,4,1,0,0,1,1,1
204,205,29.8716804,6.959682617,6.959682617,3.928961267,3.928961267,3.238029476,2.366615688,2.366615688,1.501776078,-0.2,0.0,0.0,0.0,20.19931035,0.0,69.87906966,84.16,0.0,4,1,5,1,4,4,0,0,0
205,206,29.6409659,5.333204618,5.333204618,3.105514778,3.105514778,2.490380646,1.72669925,1.72669925,0.968746389,-0.94,0.0,15.41074871,0.0,13.08951281,5.316788604,33.60678892,73.83,-0.153935185,3,1,5,1,1,0,2,0,0
206,207,34.2253298,8.04011122,8.04011122,4.257272495,4.257272495,3.356141943,1.571164043,1.571164043,0.970868274,-1.1,0.0,0.0,17.385241,6.544756406,16.78412356,24.40095669,98.21,10.18065098,5,0,5,0,0,0,1,2,0
207,208,27.586916,7.445708631,7.445708631,4.529822128,4.529822128,3.130495168,2.297366596,2.297366596,1.519348531,-0.16,0.0,0.0,0.0,52.48230236,0.0,72.49517662,46.94,0.0,2,1,4,1,2,2,0,0,0
208,209,28.0584698,4.054132499,4.054132499,2.397931356,2.397931356,1.529565065,0.908034621,0.908034621,0.551595235,-0.12,0.0,0.0,0.0,19.69639478,5.316788604,31.0929489,41.49,0.0,2,1,3,1,1,1,1,0,1
209,210,31.5133457,7.923415484,7.923415484,4.408631167,4.408631167,3.106224167,1.858311196,1.858311196,1.20344828,-1.43,0.0,0.0,0.0,13.08951281,15.95036581,36.85289283,87.3,0.0,3,1,6,1,0,0,3,0,0
210,211,31.7463526,7.222273975,7.222273975,4.093752911,4.093752911,2.685987513,1.734528852,1.734528852,1.05511651,-0.81,4.794537184,0.0,0.0,33.35094872,15.95036581,45.42390407,62.39,0.0,3,1,5,1,0,0,3,0,1
211,212,32.0069945,5.399812122,5.399812122,2.907012842,2.907012842,2.299910942,1.803768314,1.803768314,0.849207372,-0.61,0.0,0.0,5.733667477,20.13718479,16.36724469,31.58328978,67.15,4.643472222,4,1,4,1,0,0,2,1,0
212,213,27.9876321,4.76123928,4.76123928,2.852303141,2.852303141,1.912111847,1.182887288,1.182887288,0.622227258,-0.12,0.0,0.0,0.0,26.3654023,5.316788604,37.51377052,41.49,0.0,2,1,3,1,1,1,1,0,1
213,214,29.2242867,6.923415484,6.923415484,3.797877056,3.797877056,2.616060533,1.665551935,1.665551935,1.053736098,-0.94,0.0,0.0,0.0,20.26143591,10.63357721,38.1176362,67.43,0.0,2,1,5,1,0,0,2,0,1
214,215,31.9123154,7.923415484,7.923415484,4.408631167,4.408631167,3.106224167,1.858311196,1.858311196,1.20344828,-1.43,0.0,0.0,0.0,13.08951281,15.95036581,36.85289283,87.3,0.0,3,1,6,1,0,0,3,0,0
215,216,34.4871016,6.871009241,7.687505822,3.408083843,4.562784382,2.256953292,1.086036734,2.029317463,0.420688328,-0.75,0.0,0.0,11.46733495,11.629642,16.78412356,29.48584228,98.21,10.23866339,5,0,6,0,0,0,1,2,0
216,217,35.2459866,7.780218034,7.780218034,4.129823424,4.129823424,2.936448779,1.699827841,1.699827841,1.084343591,-1.85,4.983978521,0.0,5.733667477,0.0,11.05045608,27.82415733,100.87,5.865993008,4,0,6,0,0,0,2,1,0
217,218,31.1593736,8.38503052,8.38503052,4.179563419,4.179563419,3.010912376,1.412904054,1.412904054,0.783565448,-1.1,0.0,0.0,0.0,34.23252876,10.63357721,50.94679795,61.44,0.0,2,0,5,0,0,0,2,0,0
218,219,35.7308473,7.780218034,7.780218034,4.129823424,4.129823424,2.936448779,1.699827841,1.699827841,1.084343591,-1.85,4.983978521,0.0,5.733667477,0.0,11.05045608,27.82415733,100.87,5.865993008,4,0,6,0,0,0,2,1,0
219,220,34.6819561,4.75565417,4.75565417,2.424103609,2.424103609,1.49456426,0.959052251,0.959052251,0.368390572,-0.61,0.0,0.0,5.733667477,13.59242839,16.15698348,25.60357451,82.76,5.03212963,4,0,4,0,0,0,0,2,0
220,221,29.5512523,5.308060412,5.308060412,2.769385278,2.769385278,2.251274263,1.472822511,1.472822511,0.741938267,-0.61,4.794537184,0.0,5.733667477,20.19931035,11.05045608,31.70754089,64.35,4.77849537,3,1,4,1,0,0,1,1,1
221,222,30.0031223,6.923415484,6.923415484,3.797877056,3.797877056,2.616060533,1.665551935,1.665551935,1.053736098,-0.94,0.0,0.0,0.0,20.26143591,10.63357721,38.1176362,67.43,0.0,2,1,5,1,0,0,2,0,1
222,223,32.9463544,4.75565417,4.75565417,2.219979463,2.219979463,1.464203801,0.711675935,0.711675935,0.261691592,-0.61,0.0,0.0,11.46733495,13.71667951,11.46733495,25.66570006,78.34,9.905555556,4,0,4,0,0,0,0,2,1
223,224,32.4816985,4.75565417,4.75565417,2.219979463,2.219979463,1.464203801,0.711675935,0.711675935,0.261691592,-0.61,0.0,0.0,11.46733495,13.71667951,11.46733495,25.66570006,78.34,9.905555556,4,0,4,0,0,0,0,2,1
224,225,35.3922427,5.75565417,5.75565417,2.863425644,2.863425644,1.895694811,0.98966609,0.98966609,0.371536471,-1.1,0.0,0.0,11.46733495,6.544756406,16.78412356,24.40095669,98.21,9.800812547,5,0,5,0,0,0,1,2,0
225,226,34.0141767,4.664862963,4.664862963,2.28369024,2.28369024,1.668755772,0.848251505,0.848251505,0.237728606,-0.61,0.0,0.0,11.46733495,0.0,11.46733495,23.15951434,89.34,9.747685185,5,0,4,0,1,1,0,2,0
226,227,29.9232349,7.799244082,7.799244082,4.427364753,4.427364753,3.235599917,2.039480528,2.039480528,1.228643348,-0.65,0.0,0.0,0.0,32.84803315,10.63357721,49.46279108,70.59,-0.784305556,3,1,5,1,1,1,2,0,1
227,228,34.2993094,4.664862963,4.664862963,2.28369024,2.28369024,1.668755772,0.848251505,0.848251505,0.237728606,-0.61,0.0,0.0,11.46733495,0.0,11.46733495,23.15951434,89.34,9.747685185,5,0,4,0,1,1,0,2,0
228,229,35.0496313,5.087132532,5.087132532,2.557566613,2.557566613,1.708128268,1.154982935,1.154982935,0.562140176,-1.1,9.893218992,5.098681808,12.78133946,0.0,11.42341088,14.76446326,76.7,4.995324074,3,0,5,0,0,0,1,1,0
229,230,32.6913875,3.794619475,3.794619475,1.839283804,1.839283804,1.191436185,0.562147238,0.562147238,0.089972427,-0.61,0.0,0.0,11.46733495,6.606881965,11.46733495,23.66242992,89.34,9.51375,5,0,4,0,1,1,0,2,0
230,231,33.1562429,3.794619475,3.794619475,1.839283804,1.839283804,1.191436185,0.562147238,0.562147238,0.089972427,-0.61,0.0,0.0,11.46733495,6.606881965,11.46733495,23.66242992,89.34,9.51375,5,0,4,0,1,1,0,2,0
231,232,30.8699146,6.16948757,6.16948757,3.510092536,3.510092536,2.406451494,1.614993581,1.614993581,1.023761871,-1.1,0.0,0.0,5.733667477,26.17902562,11.05045608,42.89329481,75.43,4.816260393,3,1,5,1,0,0,1,1,0
232,233,29.8324167,7.608264997,7.608264997,4.421392651,4.421392651,3.199331649,2.230384191,2.230384191,1.360664125,-1.1,0.0,0.0,5.733667477,32.72378203,5.733667477,54.84087653,66.64,5.030898841,2,1,5,1,0,0,0,1,0
233,234,31.8650685,7.53129489,7.53129489,4.393006964,4.393006964,3.44294898,2.287325474,2.287325474,1.651765875,-1.1,0.0,0.0,17.385241,19.63426922,11.46733495,36.34853841,89.42,10.22648998,4,1,5,1,0,0,0,2,0
234,235,30.234693,5.799624244,5.799624244,3.382428046,3.382428046,2.396399515,1.446032039,1.446032039,0.99368177,-0.61,0.0,0.0,5.733667477,19.75852033,11.05045608,31.70754089,64.35,4.988798186,3,1,4,1,0,0,1,1,1
235,236,29.5658726,5.799624244,5.799624244,3.382428046,3.382428046,2.396399515,1.446032039,1.446032039,0.99368177,-0.61,0.0,0.0,5.733667477,19.75852033,11.05045608,31.70754089,64.35,4.988798186,3,1,4,1,0,0,1,1,1
236,237,34.4169524,6.501726256,6.501726256,3.809538833,3.809538833,2.867763595,2.073669186,2.073669186,1.370264242,-1.36,4.983978521,0.0,5.733667477,0.0,11.05045608,21.9169776,83.8,7.144437831,4,1,5,0,0,0,2,1,0
237,238,31.8417088,5.592517463,5.592517463,3.243182156,3.243182156,2.375391773,1.628739948,1.628739948,1.00531553,-0.9,0.0,0.0,11.65157352,13.08951281,11.05045608,24.77993749,72.19,4.957824074,3,1,4,1,0,0,1,1,0
238,239,30.4416167,5.092517463,5.092517463,2.921206881,2.921206881,1.965925826,1.244945703,1.244945703,0.748160679,-0.61,0.0,0.0,5.733667477,19.69639478,11.05045608,31.70754089,64.35,4.963240741,3,1,4,1,0,0,1,1,1
239,240,30.2975106,5.092517463,5.092517463,2.921206881,2.921206881,1.965925826,1.244945703,1.244945703,0.748160679,-0.61,0.0,0.0,5.733667477,19.69639478,11.05045608,31.70754089,64.35,4.963240741,3,1,4,1,0,0,1,1,1
240,241,29.6152713,5.092517463,5.092517463,2.815931465,2.815931465,2.322975876,1.542860776,1.542860776,0.77508639,-0.61,0.0,0.0,11.46733495,13.21376393,11.46733495,24.65986891,78.34,9.601481481,4,1,4,1,0,0,0,2,1
241,242,34.0917591,6.501726256,6.501726256,3.809538833,3.809538833,2.867763595,2.073669186,2.073669186,1.370264242,-1.36,4.983978521,0.0,5.733667477,0.0,11.05045608,21.9169776,83.8,7.144437831,4,1,5,0,0,0,2,1,0
242,243,39.0890499,5.280798375,5.280798375,2.680792737,2.680792737,1.672159887,0.898886959,0.898886959,0.548104757,-1.43,0.0,14.95193556,5.733667477,11.46733495,17.20100243,14.95193556,116.73,15.69814815,6,0,6,0,0,0,0,3,0
243,244,32.3849093,5.04011122,5.04011122,3.013420006,3.013420006,2.321726157,1.654036137,1.654036137,1.093601866,-0.61,0.0,0.0,5.733667477,6.544756406,16.15698348,24.59774335,82.76,5.427824074,4,1,4,1,0,0,0,2,0
244,245,32.0103249,5.04011122,5.04011122,2.996583254,2.996583254,2.392715103,1.582782745,1.582782745,1.050126251,-0.61,0.0,0.0,5.733667477,6.544756406,16.15698348,24.59774335,82.76,5.440555556,4,1,4,1,0,0,0,2,0
245,246,30.8097272,5.343747204,5.343747204,3.040555688,3.040555688,2.346481568,1.540174021,1.540174021,0.828820891,-0.2,0.0,0.0,5.733667477,6.606881965,5.733667477,46.46626448,95.94,5.187546296,5,1,5,1,3,3,0,1,1
246,247,30.6194204,7.222273975,7.222273975,4.093752911,4.093752911,2.685987513,1.734528852,1.734528852,1.05511651,-0.81,4.794537184,0.0,0.0,33.35094872,15.95036581,45.42390407,62.39,0.0,3,1,5,1,0,0,3,0,1
247,248,32.58564,3.95737602,3.95737602,1.960493697,1.960493697,1.186959301,0.635407458,0.635407458,0.327604038,-1.39,4.983978521,0.0,5.733667477,0.0,5.733667477,21.08852187,84.66,4.774259259,3,0,5,0,0,0,1,1,0
248,249,34.6992884,7.578696363,7.578696363,4.340115168,4.340115168,3.146687318,2.18380534,2.18380534,1.565987134,-1.69,9.967957042,0.0,5.733667477,12.27842388,16.78412356,22.41989318,106.92,12.50005858,5,1,6,0,0,0,1,2,0
249,250,32.6559794,5.587512694,5.587512694,2.745015105,2.745015105,1.880637615,1.068867722,1.068867722,0.385738212,-0.61,0.0,0.0,5.733667477,7.047671983,11.05045608,30.20718632,75.35,5.208472222,4,0,4,0,1,1,1,1,0
